ts_code,trade_date,open,high,low,close,pre_close,change,pct_chg,vol,amount
002832.SZ,20200408,19.67,20.02,19.47,19.71,19.7,0.010000000000001563,0.0508,22565.48,44567.512
002832.SZ,20200407,19.71,19.85,19.51,19.7,19.39,0.3099999999999987,1.5988,30018.55,58991.196
002832.SZ,20200403,19.53,19.94,19.39,19.39,19.6,-0.21000000000000085,-1.0714,17769.85,34891.24
002832.SZ,20200402,19.22,19.69,19.15,19.6,19.52,0.08000000000000185,0.4098,20495.57,39798.661
002832.SZ,20200401,19.99,20.37,19.38,19.52,20.22,-0.6999999999999993,-3.4619,30275.52,60012.46
002832.SZ,20200331,20.03,20.82,19.61,20.22,20.03,0.18999999999999773,0.9486,51287.38,103552.214
002832.SZ,20200330,18.8,20.86,18.31,20.03,19.05,0.9800000000000004,5.1444,50367.42,98260.286
002832.SZ,20200327,18.82,19.64,18.82,19.05,18.56,0.490000000000002,2.6401,42022.83,80536.576
002832.SZ,20200326,18.8,18.88,18.54,18.56,18.96,-0.40000000000000213,-2.1097,21898.04,41003.332
002832.SZ,20200325,18.8,18.99,18.6,18.96,18.32,0.6400000000000006,3.4934,33753.97,63614.362
002832.SZ,20200324,18.55,18.58,17.83,18.32,18.15,0.1700000000000017,0.9366,31063.35,56641.936
002832.SZ,20200323,19.0,19.0,18.03,18.15,19.32,-1.1700000000000017,-6.0559,33876.1,62782.871
002832.SZ,20200320,19.14,19.59,18.9,19.32,18.99,0.33000000000000185,1.7378,32934.83,63432.273
002832.SZ,20200319,19.55,19.92,18.58,18.99,19.76,-0.7700000000000031,-3.8968,49615.3,94976.195
002832.SZ,20200318,20.68,20.85,19.76,19.76,20.48,-0.7199999999999989,-3.5156,51420.45,104723.707
002832.SZ,20200317,21.48,21.89,19.78,20.48,21.48,-1.0,-4.6555,54768.94,112399.508
002832.SZ,20200316,22.4,23.17,21.3,21.48,22.03,-0.5500000000000007,-2.4966,53456.67,119137.529
002832.SZ,20200313,21.6,22.46,21.01,22.03,23.09,-1.0599999999999987,-4.5907,72381.21,158713.864
002832.SZ,20200312,23.72,24.64,22.81,23.09,24.27,-1.1799999999999997,-4.862,75513.21,178127.371
002832.SZ,20200311,24.0,25.47,23.75,24.27,24.75,-0.4800000000000004,-1.9394,103754.29,252645.792
002832.SZ,20200310,25.78,25.78,23.72,24.75,26.35,-1.6000000000000014,-6.0721,177550.97,431649.659
002832.SZ,20200309,24.16,26.36,22.73,26.35,23.96,2.3900000000000006,9.975,215359.72,548904.945
002832.SZ,20200306,23.15,24.24,23.11,23.96,23.1,0.8599999999999994,3.7229,90942.16,215406.767
002832.SZ,20200305,22.35,24.23,22.32,23.1,22.23,0.870000000000001,3.9136,92222.24,213248.84
002832.SZ,20200304,22.96,22.96,21.91,22.23,23.04,-0.8099999999999987,-3.5156,54114.21,120982.043
002832.SZ,20200303,23.47,23.65,22.92,23.04,23.45,-0.41000000000000014,-1.7484,47337.21,109498.034
002832.SZ,20200302,23.13,23.45,22.7,23.45,23.21,0.23999999999999844,1.034,56563.4,130381.1
002832.SZ,20200228,23.3,23.86,22.42,23.21,24.08,-0.8699999999999974,-3.613,54808.46,126775.035
002832.SZ,20200227,23.6,24.25,23.51,24.08,23.32,0.759999999999998,3.259,57980.99,138983.678
002832.SZ,20200226,23.24,23.87,22.95,23.32,23.18,0.14000000000000057,0.604,66212.98,154163.077
002832.SZ,20200225,23.51,23.52,22.9,23.18,24.1,-0.9200000000000017,-3.8174,47748.84,110492.609
002832.SZ,20200224,23.13,24.32,22.88,24.1,23.27,0.8300000000000018,3.5668,40663.68,95434.554
002832.SZ,20200221,23.56,23.56,23.2,23.27,23.42,-0.15000000000000213,-0.6405,22789.82,53163.521
002832.SZ,20200220,23.13,23.66,23.02,23.42,23.13,0.2900000000000027,1.2538,23684.8,55339.928
002832.SZ,20200219,23.31,23.71,22.97,23.13,23.14,-0.010000000000001563,-0.0432,31180.0,72690.415
002832.SZ,20200218,22.96,23.15,22.47,23.14,22.83,0.3100000000000023,1.3579,22594.52,51695.487
002832.SZ,20200217,22.09,22.96,22.03,22.83,21.93,0.8999999999999986,4.104,30868.84,69911.611
002832.SZ,20200214,21.78,22.17,21.6,21.93,21.74,0.19000000000000128,0.874,20460.49,44960.795
002832.SZ,20200213,22.4,22.44,21.74,21.74,22.44,-0.7000000000000028,-3.1194,35533.7,77970.522
002832.SZ,20200212,22.3,22.62,22.11,22.44,22.42,0.019999999999999574,0.0892,29471.43,65853.396
002832.SZ,20200211,22.12,23.06,21.8,22.42,22.06,0.360000000000003,1.6319,36493.88,81317.549
002832.SZ,20200210,21.83,22.27,21.71,22.06,22.09,-0.030000000000001137,-0.1358,23942.48,52614.957
002832.SZ,20200207,21.9,22.43,21.42,22.09,22.27,-0.17999999999999972,-0.8083,39958.21,87071.826
002832.SZ,20200206,21.04,22.68,20.72,22.27,20.91,1.3599999999999994,6.5041,55522.35,120803.742
002832.SZ,20200205,21.08,21.75,20.71,20.91,21.04,-0.129999999999999,-0.6179,63045.78,132362.353
002832.SZ,20200204,20.55,22.5,20.55,21.04,22.59,-1.5500000000000007,-6.8614,73069.79,154016.751
002832.SZ,20200203,22.59,22.59,22.59,22.59,25.1,-2.5100000000000016,-10.0,4752.0,10734.768
002832.SZ,20200123,26.36,26.69,24.4,25.1,26.38,-1.2799999999999976,-4.8522,31576.35,80585.65
002832.SZ,20200122,26.51,26.72,25.65,26.38,26.66,-0.28000000000000114,-1.0503,28529.54,74703.837
002832.SZ,20200121,27.04,27.04,26.48,26.66,26.79,-0.129999999999999,-0.4853,21539.71,57529.744
002832.SZ,20200120,27.17,27.17,26.4,26.79,27.0,-0.21000000000000085,-0.7778,27084.18,72331.182
002832.SZ,20200117,26.97,27.3,26.8,27.0,27.06,-0.05999999999999872,-0.2217,28740.19,77530.128
002832.SZ,20200116,27.06,27.45,26.76,27.06,27.23,-0.1700000000000017,-0.6243,20581.55,55554.368
002832.SZ,20200115,26.88,27.33,26.59,27.23,26.76,0.46999999999999886,1.7564,39092.7,105651.591
002832.SZ,20200114,25.79,27.18,25.76,26.76,25.88,0.8800000000000026,3.4003,72072.11,192469.349
002832.SZ,20200113,25.8,26.15,25.5,25.88,25.6,0.2799999999999976,1.0937,32499.24,83825.402
002832.SZ,20200110,25.48,25.9,25.36,25.6,25.36,0.240000000000002,0.9464,19374.29,49593.162
002832.SZ,20200109,24.92,25.4,24.92,25.36,24.9,0.46000000000000085,1.8474,17466.06,44061.381
002832.SZ,20200108,25.13,25.39,24.76,24.9,25.31,-0.41000000000000014,-1.6199,21425.47,53716.43
002832.SZ,20200107,25.49,25.49,24.99,25.31,25.45,-0.14000000000000057,-0.5501,26543.04,66758.694
002832.SZ,20200106,25.3,25.5,24.93,25.45,25.62,-0.1700000000000017,-0.6635,22611.5,57200.596
002832.SZ,20200103,25.98,26.03,25.61,25.62,25.91,-0.28999999999999915,-1.1193,28123.33,72425.343
002832.SZ,20200102,26.16,26.16,25.69,25.91,25.97,-0.05999999999999872,-0.231,33302.06,86175.876
002832.SZ,20191231,25.4,26.2,25.4,25.97,25.58,0.39000000000000057,1.5246,22371.18,57899.041
002832.SZ,20191230,25.25,25.88,25.1,25.58,25.16,0.41999999999999815,1.6693,29451.95,75051.417
002832.SZ,20191227,25.1,25.79,24.9,25.16,25.39,-0.23000000000000043,-0.9059,22862.29,57787.218
002832.SZ,20191226,25.02,25.44,24.87,25.39,25.65,-0.259999999999998,-1.0136,17740.85,44525.556
002832.SZ,20191225,25.66,26.57,25.15,25.65,25.15,0.5,1.9881,38880.77,100333.876
002832.SZ,20191224,24.75,25.28,24.55,25.15,24.95,0.1999999999999993,0.8016,11297.65,28175.599
002832.SZ,20191223,25.29,25.29,24.8,24.95,25.03,-0.08000000000000185,-0.3196,13209.98,33023.459
002832.SZ,20191220,25.05,25.41,25.03,25.03,25.05,-0.019999999999999574,-0.0798,11834.9,29805.851
002832.SZ,20191219,25.01,25.33,25.01,25.05,25.12,-0.07000000000000028,-0.2787,10153.48,25505.493
002832.SZ,20191218,25.31,25.48,25.03,25.12,25.3,-0.17999999999999972,-0.7115,11111.46,27977.648
002832.SZ,20191217,25.55,25.55,25.09,25.3,25.5,-0.1999999999999993,-0.7843,15472.82,39095.325
002832.SZ,20191216,24.67,25.6,24.49,25.5,24.67,0.8299999999999983,3.3644,24626.69,61730.972
002832.SZ,20191213,24.38,24.7,24.24,24.67,24.42,0.25,1.0238,14884.79,36531.495
002832.SZ,20191212,24.61,24.71,24.21,24.42,24.65,-0.22999999999999687,-0.9331,13608.03,33251.511
002832.SZ,20191211,25.46,25.46,24.65,24.65,25.2,-0.5500000000000007,-2.1825,10670.21,26569.969
002832.SZ,20191210,25.22,25.45,25.04,25.2,25.18,0.019999999999999574,0.0794,15282.98,38569.16
002832.SZ,20191209,25.07,25.42,24.92,25.18,24.95,0.23000000000000043,0.9218,19267.6,48564.458
002832.SZ,20191206,24.61,25.05,24.39,24.95,24.56,0.39000000000000057,1.5879,13908.91,34544.693
002832.SZ,20191205,23.77,24.74,23.72,24.56,23.72,0.8399999999999999,3.5413,16119.92,39195.268
002832.SZ,20191204,23.5,23.75,23.44,23.72,23.61,0.10999999999999943,0.4659,8850.62,20885.059
002832.SZ,20191203,23.95,23.95,23.5,23.61,23.99,-0.379999999999999,-1.584,9354.14,22096.019
002832.SZ,20191202,24.54,24.54,23.9,23.99,24.64,-0.6500000000000021,-2.638,22428.97,53867.905
002832.SZ,20191129,24.58,24.8,23.41,24.64,24.61,0.030000000000001137,0.1219,19637.7,47388.313
002832.SZ,20191128,24.6,24.67,24.32,24.61,24.36,0.25,1.0263,8378.55,20524.065
002832.SZ,20191127,24.7,24.7,24.24,24.36,24.48,-0.120000000000001,-0.4902,7080.2,17341.328
002832.SZ,20191126,24.53,24.8,24.43,24.48,24.76,-0.28000000000000114,-1.1309,7037.45,17309.941
002832.SZ,20191125,23.95,24.87,23.95,24.76,24.43,0.33000000000000185,1.3508,14643.11,35928.151
002832.SZ,20191122,24.71,24.99,24.38,24.43,25.06,-0.629999999999999,-2.514,17529.39,43136.737
002832.SZ,20191121,25.05,25.19,24.37,25.06,25.3,-0.240000000000002,-0.9486,22530.52,55552.447
002832.SZ,20191120,24.9,25.37,24.61,25.3,24.91,0.39000000000000057,1.5656,19174.43,48133.792
002832.SZ,20191119,24.89,24.95,24.45,24.91,24.86,0.05000000000000071,0.2011,13536.26,33454.806
002832.SZ,20191118,25.01,25.08,24.44,24.86,25.01,-0.15000000000000213,-0.5998,19650.48,48519.781
002832.SZ,20191115,24.86,25.29,24.8,25.01,24.96,0.05000000000000071,0.2003,12516.24,31324.694
002832.SZ,20191114,25.4,25.6,24.55,24.96,25.51,-0.5500000000000007,-2.156,16686.3,41645.226
002832.SZ,20191113,25.64,25.64,25.25,25.51,25.48,0.030000000000001137,0.1177,6143.67,15623.593
002832.SZ,20191112,25.38,25.65,25.11,25.48,25.1,0.379999999999999,1.5139,9388.08,23822.593
002832.SZ,20191111,25.36,25.85,25.06,25.1,25.75,-0.6499999999999986,-2.5243,10164.07,25724.738
002832.SZ,20191108,25.64,25.95,25.55,25.75,25.52,0.23000000000000043,0.9013,11495.46,29634.893
002832.SZ,20191107,25.05,25.6,25.03,25.52,25.24,0.28000000000000114,1.1094,11942.97,30344.511
002832.SZ,20191106,25.34,25.5,25.05,25.24,25.5,-0.26000000000000156,-1.0196,14304.73,36106.894
002832.SZ,20191105,25.52,25.75,25.2,25.5,25.52,-0.019999999999999574,-0.0784,15707.56,40045.994
002832.SZ,20191104,25.51,25.89,25.34,25.52,25.24,0.28000000000000114,1.1094,16765.78,42939.23
002832.SZ,20191101,24.99,25.68,24.9,25.24,25.2,0.03999999999999915,0.1587,17750.7,44787.153
002832.SZ,20191031,25.27,25.64,25.2,25.2,25.24,-0.03999999999999915,-0.1585,12460.16,31626.303
002832.SZ,20191030,26.05,26.05,25.1,25.24,26.25,-1.0100000000000016,-3.8476,18528.83,47330.821
002832.SZ,20191029,26.73,26.73,25.67,26.25,26.66,-0.41000000000000014,-1.5379,26887.71,70188.235
002832.SZ,20191028,26.08,26.68,26.05,26.66,26.35,0.3099999999999987,1.1765,17613.27,46455.699
002832.SZ,20191025,26.0,26.42,25.7,26.35,26.12,0.23000000000000043,0.8806,14695.75,38228.801
002832.SZ,20191024,26.1,26.46,26.02,26.12,26.26,-0.14000000000000057,-0.5331,11213.92,29426.093
002832.SZ,20191023,26.8,26.87,26.1,26.26,26.77,-0.509999999999998,-1.9051,18754.1,49528.35
002832.SZ,20191022,26.8,27.1,26.26,26.77,26.74,0.030000000000001137,0.1122,27427.42,72968.277
002832.SZ,20191021,26.66,27.54,26.2,26.74,26.21,0.5299999999999976,2.0221,37011.19,98987.607
002832.SZ,20191018,25.89,26.44,25.75,26.21,25.9,0.3100000000000023,1.1969,20063.6,52437.954
002832.SZ,20191017,25.83,26.06,25.6,25.9,26.06,-0.16000000000000014,-0.614,17972.73,46475.602
002832.SZ,20191016,25.81,26.43,25.25,26.06,25.87,0.18999999999999773,0.7344,23162.55,59915.56
002832.SZ,20191015,26.42,26.44,25.71,25.87,26.62,-0.75,-2.8174,20380.18,52908.59
002832.SZ,20191014,26.55,26.79,26.36,26.62,26.39,0.23000000000000043,0.8715,17563.81,46599.761
002832.SZ,20191011,26.46,26.64,26.11,26.39,26.44,-0.05000000000000071,-0.1891,16014.89,42174.625
002832.SZ,20191010,26.11,26.45,25.58,26.44,26.11,0.33000000000000185,1.2639,25578.42,66730.77
002832.SZ,20191009,25.65,26.25,25.13,26.11,25.81,0.3000000000000007,1.1623,29386.73,75189.411
002832.SZ,20191008,26.4,26.76,25.47,25.81,26.1,-0.2900000000000027,-1.1111,27358.51,71194.765
002832.SZ,20190930,26.23,26.45,25.03,26.1,26.2,-0.09999999999999787,-0.3817,31635.63,81967.433
002832.SZ,20190927,26.26,26.88,26.2,26.2,26.33,-0.129999999999999,-0.4937,23830.51,63138.018
002832.SZ,20190926,27.7,27.76,25.97,26.33,27.55,-1.2200000000000024,-4.4283,36104.8,96295.24
002832.SZ,20190925,27.89,27.89,27.1,27.55,27.85,-0.3000000000000007,-1.0772,33283.53,91596.194
002832.SZ,20190924,28.2,28.37,27.6,27.85,28.28,-0.4299999999999997,-1.5205,29887.28,83445.444
002832.SZ,20190923,27.41,28.98,27.36,28.28,27.6,0.6799999999999997,2.4638,52406.42,147570.93
002832.SZ,20190920,27.48,28.41,27.22,27.6,27.34,0.26000000000000156,0.951,65944.51,183536.993
002832.SZ,20190919,27.66,27.9,27.0,27.34,27.61,-0.2699999999999996,-0.9779,42938.95,117292.245
002832.SZ,20190918,27.8,27.98,27.36,27.61,28.03,-0.4200000000000017,-1.4984,57332.62,158517.045
002832.SZ,20190917,26.88,29.03,26.88,28.03,26.88,1.1500000000000021,4.2783,118637.7,331256.895
002832.SZ,20190916,25.83,26.88,25.3,26.88,24.44,2.4399999999999977,9.9836,93820.57,249001.569
002832.SZ,20190912,24.58,24.84,24.25,24.44,24.6,-0.16000000000000014,-0.6504,26040.22,63605.51
002832.SZ,20190911,24.74,24.95,24.54,24.6,24.82,-0.21999999999999886,-0.8864,11212.95,27654.292
002832.SZ,20190910,24.99,25.04,24.51,24.82,24.88,-0.05999999999999872,-0.2412,19162.94,47451.436
002832.SZ,20190909,24.6,24.96,24.43,24.88,24.42,0.4599999999999973,1.8837,25181.89,62214.521
002832.SZ,20190906,24.58,24.74,24.24,24.42,24.57,-0.14999999999999858,-0.6105,15754.03,38426.032
002832.SZ,20190905,24.3,24.85,24.3,24.57,24.29,0.28000000000000114,1.1527,18861.78,46449.566
002832.SZ,20190904,24.27,24.6,24.02,24.29,24.26,0.029999999999997584,0.1237,13468.35,32563.413
002832.SZ,20190903,24.05,24.77,23.98,24.26,24.04,0.22000000000000242,0.9151,20094.73,49045.91
002832.SZ,20190902,23.61,24.09,23.61,24.04,23.79,0.25,1.0509,18982.08,45443.571
002832.SZ,20190830,24.28,24.3,23.71,23.79,24.23,-0.4400000000000013,-1.8159,23993.48,57459.448
002832.SZ,20190829,24.7,24.7,24.0,24.23,23.76,0.46999999999999886,1.9781,29850.08,72540.9
002832.SZ,20190828,24.31,24.45,23.59,23.76,24.54,-0.7799999999999976,-3.1785,35170.31,83922.925
002832.SZ,20190827,24.67,24.95,24.3,24.54,24.81,-0.2699999999999996,-1.0883,25856.75,63412.802
002832.SZ,20190826,24.99,25.29,24.44,24.81,25.44,-0.6300000000000026,-2.4764,22555.65,56168.084
002832.SZ,20190823,25.59,26.16,25.1,25.44,25.38,0.060000000000002274,0.2364,24775.18,63480.603
002832.SZ,20190822,25.63,26.24,25.1,25.38,25.9,-0.5199999999999996,-2.0077,19561.54,49725.956
002832.SZ,20190821,25.81,26.44,25.48,25.9,26.15,-0.25,-0.956,16900.85,43572.888
002832.SZ,20190820,25.7,26.4,25.7,26.15,25.9,0.25,0.9653,19065.4,49958.097
002832.SZ,20190819,24.87,25.95,24.87,25.9,25.04,0.8599999999999994,3.4345,20222.23,51859.016
002832.SZ,20190816,24.14,25.46,24.08,25.04,23.95,1.0899999999999999,4.5511,24697.27,61437.923
002832.SZ,20190815,23.91,24.29,23.5,23.95,24.34,-0.39000000000000057,-1.6023,26818.32,64148.353
002832.SZ,20190814,25.01,25.19,23.86,24.34,24.99,-0.6499999999999986,-2.601,26894.08,65554.851
002832.SZ,20190813,25.09,25.14,24.85,24.99,25.21,-0.22000000000000242,-0.8727,8409.4,21016.917
002832.SZ,20190812,24.95,25.48,24.8,25.21,25.2,0.010000000000001563,0.0397,8554.59,21475.824
002832.SZ,20190809,25.38,25.58,24.93,25.2,25.39,-0.19000000000000128,-0.7483,11115.89,27980.346
002832.SZ,20190808,25.16,25.42,24.83,25.39,25.06,0.33000000000000185,1.3168,6633.3,16723.731
002832.SZ,20190807,25.46,26.2,25.01,25.06,25.4,-0.33999999999999986,-1.3386,12726.01,32369.694
002832.SZ,20190806,25.01,25.87,24.7,25.4,25.66,-0.26000000000000156,-1.0133,18326.44,46346.405
002832.SZ,20190805,25.99,26.56,25.64,25.66,25.98,-0.3200000000000003,-1.2317,15720.93,40976.002
002832.SZ,20190802,25.6,26.28,25.21,25.98,25.91,0.07000000000000028,0.2702,14456.9,37264.947
002832.SZ,20190801,25.05,26.27,25.05,25.91,25.18,0.7300000000000004,2.8991,23355.68,60341.027
002832.SZ,20190731,25.32,25.76,25.15,25.18,25.3,-0.120000000000001,-0.4743,9864.69,25135.9
002832.SZ,20190730,25.04,25.44,24.98,25.3,25.05,0.25,0.998,15623.0,39525.604
002832.SZ,20190729,25.25,25.79,25.0,25.05,25.23,-0.17999999999999972,-0.7134,9209.2,23292.62
002832.SZ,20190726,25.48,25.55,24.8,25.23,25.48,-0.25,-0.9812,12056.16,30315.826
002832.SZ,20190725,25.9,25.9,25.32,25.48,25.81,-0.3299999999999983,-1.2786,11064.54,28201.559
002832.SZ,20190724,25.06,26.1,24.92,25.81,25.09,0.7199999999999989,2.8697,19131.38,49150.708
002832.SZ,20190723,25.11,25.21,24.6,25.09,25.01,0.0799999999999983,0.3199,7838.07,19561.926
002832.SZ,20190722,25.33,25.48,24.5,25.01,24.88,0.13000000000000256,0.5225,13567.88,33792.192
002832.SZ,20190719,24.72,25.0,24.56,24.88,24.79,0.08999999999999986,0.363,11628.48,28805.368
002832.SZ,20190718,25.5,25.5,24.69,24.79,25.3,-0.5100000000000016,-2.0158,14989.89,37398.648
002832.SZ,20190717,25.6,26.07,25.27,25.3,25.9,-0.5999999999999979,-2.3166,14625.5,37312.435
002832.SZ,20190716,26.26,26.4,25.8,25.9,26.25,-0.3500000000000014,-1.3333,10207.07,26510.02
002832.SZ,20190715,25.8,26.38,25.31,26.25,26.21,0.03999999999999915,0.1526,13884.18,35920.896
002832.SZ,20190712,26.25,26.45,25.84,26.21,26.21,0.0,0.0,8453.78,22121.057
002832.SZ,20190711,26.1,26.25,25.52,26.21,25.96,0.25,0.963,12658.28,32702.931
002832.SZ,20190710,26.85,26.94,25.61,25.96,26.83,-0.8699999999999974,-3.2426,12341.57,32156.543
002832.SZ,20190709,26.36,27.19,26.3,26.83,26.65,0.17999999999999972,0.6754,14551.06,39013.59
002832.SZ,20190708,27.2596,27.2596,26.3636,26.6487,27.1607,-0.5119999999999969,-1.8851,11900.7,54589.774
002832.SZ,20190705,26.4799,27.1956,26.3345,27.1607,26.4799,0.6807999999999979,2.571,12148.66,56016.898
002832.SZ,20190704,27.0036,27.3411,26.2239,26.4799,27.1142,-0.6342999999999996,-2.3394,15798.83,72135.467
002832.SZ,20190703,28.0917,28.1498,26.9454,27.1142,28.0393,-0.9251000000000005,-3.2993,20147.68,94689.037
002832.SZ,20190702,27.9229,28.2371,27.5447,28.0393,28.0393,0.0,0.0,14856.36,71320.274
002832.SZ,20190701,28.1091,28.2138,27.4225,28.0393,27.7367,0.30260000000000176,1.091,22069.57,105198.075
002832.SZ,20190628,28.3942,28.3942,27.3469,27.7367,28.6037,-0.8670000000000009,-3.0311,11432.02,54685.487
002832.SZ,20190627,29.1506,29.6568,27.6495,28.6037,28.1324,0.4712999999999994,1.6753,24787.36,122076.726
002832.SZ,20190626,27.3643,28.1964,26.1832,28.1324,27.5273,0.6051000000000002,2.1982,11518.03,54843.845
002832.SZ,20190625,26.9338,27.8531,26.8814,27.5273,26.8814,0.645900000000001,2.4028,12434.69,58709.622
002832.SZ,20190624,27.3353,27.5913,26.8116,26.8814,27.2363,-0.35490000000000066,-1.303,10964.25,51279.751
002832.SZ,20190621,26.8232,27.2596,26.5381,27.2363,26.6719,0.5643999999999991,2.1161,7368.4,34165.36
002832.SZ,20190620,26.061,26.9163,25.7294,26.6719,26.0668,0.6051000000000002,2.3213,12058.21,54815.849
002832.SZ,20190619,25.9563,26.3345,25.485,26.0668,25.3686,0.6981999999999999,2.7522,6964.59,31235.462
002832.SZ,20190618,25.5955,25.7294,25.1824,25.3686,25.4617,-0.09309999999999974,-0.3656,2924.57,12772.443
002832.SZ,20190617,26.3228,26.7534,25.2522,25.4617,26.3112,-0.849499999999999,-3.2287,7233.5,31886.471
002832.SZ,20190614,26.0726,26.5672,26.0668,26.3112,26.3112,0.0,0.0,3627.57,16394.928
002832.SZ,20190613,26.253,26.5556,26.0086,26.3112,26.6603,-0.34909999999999997,-1.3094,4780.31,21580.679
002832.SZ,20190612,26.928,27.1432,26.1948,26.6603,26.9221,-0.2618000000000009,-0.9724,7434.34,33919.446
002832.SZ,20190611,26.1832,26.9978,26.0086,26.9221,26.2588,0.6632999999999996,2.526,11239.57,51341.537
002832.SZ,20190610,26.9105,26.9105,25.6072,26.2588,26.6487,-0.3899000000000008,-1.4631,7066.47,32041.964
002832.SZ,20190606,26.7069,26.928,25.8806,26.6487,26.7825,-0.13379999999999725,-0.4996,10251.3,46476.22
002832.SZ,20190605,27.1142,27.5273,26.3287,26.7825,27.0967,-0.3141999999999996,-1.1596,8150.4,37574.292
002832.SZ,20190604,27.1956,27.4458,26.893,27.0967,27.1956,-0.09890000000000043,-0.3637,8217.38,38373.77
002832.SZ,20190603,27.7542,27.7542,26.829,27.1956,27.7716,-0.5760000000000005,-2.0741,11949.7,56029.836
002832.SZ,20190531,27.312,28.7957,26.9745,27.7716,27.6844,0.08719999999999928,0.315,10514.32,49953.351
002832.SZ,20190530,27.696,27.696,26.7476,27.6844,28.0335,-0.34909999999999997,-1.2453,12398.6,57787.9
002832.SZ,20190529,25.1359,28.0451,25.1359,28.0335,25.5315,2.501999999999999,9.7997,15661.25,72201.374
002832.SZ,20190528,25.3104,25.7875,25.037,25.5315,25.3337,0.19780000000000086,0.7808,5412.6,23669.103
002832.SZ,20190527,24.554,25.5897,24.554,25.3337,24.6355,0.6981999999999999,2.8341,8536.03,36893.058
002832.SZ,20190524,24.874,25.4093,24.5482,24.6355,25.2173,-0.5818000000000012,-2.3071,3977.0,16975.227
002832.SZ,20190523,25.3104,25.6712,24.5307,25.2173,25.3221,-0.10479999999999734,-0.4139,10101.14,43732.341
002832.SZ,20190522,25.7177,25.7177,25.1417,25.3221,25.7294,-0.40729999999999933,-1.583,3340.91,14619.391
002832.SZ,20190521,25.5897,25.9097,25.1417,25.7294,25.7177,0.011699999999997601,0.0455,5878.3,25857.622
002832.SZ,20190520,25.7643,26.0028,24.6355,25.7177,25.9795,-0.2618000000000009,-1.0077,13687.09,59351.62
002832.SZ,20190517,26.381,26.5847,25.8574,25.9795,26.3985,-0.41899999999999693,-1.5872,6926.4,31136.865
002832.SZ,20190516,26.189,26.6021,26.125,26.3985,26.3636,0.03489999999999682,0.1324,8646.7,39102.152
002832.SZ,20190515,26.1541,26.6196,25.9446,26.3636,26.0552,0.30840000000000245,1.1836,12158.4,54816.427
002832.SZ,20190514,26.0145,26.2937,25.9214,26.0552,26.4334,-0.37819999999999965,-1.4308,7071.3,31735.338
002832.SZ,20190513,26.4799,26.765,25.9214,26.4334,26.5789,-0.14550000000000196,-0.5474,7299.6,32789.955
002832.SZ,20190510,25.6828,26.6312,25.4268,26.5789,25.6886,0.8902999999999999,3.4657,10856.93,48987.301
002832.SZ,20190509,25.613,25.8574,24.7286,25.6886,25.7294,-0.04079999999999728,-0.1586,10713.4,46560.607
002832.SZ,20190508,25.3511,26.0377,25.2988,25.7294,25.7177,0.011699999999997601,0.0455,6988.9,30923.02
002832.SZ,20190507,26.1716,26.7592,25.6013,25.7177,26.0901,-0.37239999999999895,-1.4274,12156.43,54483.248
002832.SZ,20190506,26.765,26.9803,25.0253,26.0901,27.3934,-1.3033000000000001,-4.7577,10367.07,46537.005
002832.SZ,20190430,27.3236,27.7542,27.1316,27.3934,27.3236,0.06980000000000075,0.2555,5008.98,23645.457
002832.SZ,20190429,27.7076,27.8996,26.7534,27.3236,27.3993,-0.07570000000000121,-0.2763,7592.63,35549.373
002832.SZ,20190426,27.2305,28.144,26.9396,27.3993,27.2305,0.16880000000000095,0.6199,6798.02,32119.535
002832.SZ,20190425,27.6378,27.7251,27.2189,27.2305,27.8706,-0.6401000000000003,-2.2967,4890.8,23079.736
002832.SZ,20190424,27.5738,27.9869,27.056,27.8706,27.5796,0.29100000000000037,1.0551,6086.02,28777.023
002832.SZ,20190423,27.6669,28.1906,27.1607,27.5796,27.9869,-0.40729999999999933,-1.4553,12123.21,57228.143
002832.SZ,20190422,28.2138,28.2138,27.5796,27.9869,27.9869,0.0,0.0,12196.05,58574.786
002832.SZ,20190419,28.5455,28.6851,27.6669,27.9869,28.8015,-0.8146000000000022,-2.8283,13258.28,64031.745
002832.SZ,20190418,28.6211,29.0924,27.9287,28.8015,29.0284,-0.22690000000000055,-0.7816,13400.51,65431.431
002832.SZ,20190417,27.6495,29.0924,27.2131,29.0284,27.6727,1.3557000000000023,4.8991,9739.66,46749.207
002832.SZ,20190416,27.3469,27.7484,26.4741,27.6727,27.3934,0.2792999999999992,1.0196,7481.55,34842.192
002832.SZ,20190415,27.504,28.1964,27.3469,27.3934,27.3178,0.07560000000000144,0.2767,7984.12,38032.579
002832.SZ,20190412,27.4749,27.5971,26.6545,27.3178,27.2247,0.09309999999999974,0.342,5732.4,26944.535
002832.SZ,20190411,28.8248,28.8539,27.2131,27.2247,28.8248,-1.6001000000000012,-5.5511,9555.65,45413.244
002832.SZ,20190410,27.9229,28.9702,27.6378,28.8248,28.1557,0.6691000000000003,2.3764,6790.59,32903.054
002832.SZ,20190409,27.9346,28.4349,27.4516,28.1557,28.1324,0.023299999999998988,0.0828,6031.68,29041.571
002832.SZ,20190408,27.8938,28.8015,27.3818,28.1324,28.1324,0.0,0.0,14680.27,70667.26
002832.SZ,20190404,28.7026,28.8015,27.3818,28.1324,28.9179,-0.785499999999999,-2.7163,19986.27,96216.543
002832.SZ,20190403,29.0924,29.6685,28.1615,28.9179,27.5971,1.3207999999999984,4.786,37114.53,182442.76
002832.SZ,20190402,26.9105,27.6262,26.0726,27.5971,26.6021,0.995000000000001,3.7403,12716.67,59026.624
002832.SZ,20190401,26.0086,27.1025,25.7759,26.6021,26.0086,0.5934999999999988,2.2819,13436.45,61746.36
002832.SZ,20190329,24.9613,26.1832,24.5075,26.0086,24.8158,1.1928000000000019,4.8066,9846.1,43219.555
002832.SZ,20190328,25.6013,25.6013,24.7809,24.8158,25.1941,-0.3782999999999994,-1.5015,4951.8,21259.326
002832.SZ,20190327,25.0253,25.2464,24.4551,25.1941,24.4958,0.6982999999999997,2.8507,7302.6,31162.954
002832.SZ,20190326,24.7228,25.2522,24.4376,24.4958,24.49,0.0058000000000006935,0.0237,7423.53,31771.53
002832.SZ,20190325,24.1467,25.0079,24.1176,24.49,24.6704,-0.18040000000000234,-0.7312,7398.21,31220.632
002832.SZ,20190322,24.4376,24.7751,23.6929,24.6704,23.9722,0.6981999999999999,2.9125,7153.02,29861.03
002832.SZ,20190321,24.5307,24.5307,23.6347,23.9722,24.5249,-0.552699999999998,-2.2536,8664.51,35782.297
002832.SZ,20190320,24.6646,25.0079,24.2107,24.5249,24.8857,-0.3608000000000011,-1.4498,6786.7,28602.511
002832.SZ,20190319,24.5017,25.5315,24.5017,24.8857,24.2573,0.6283999999999992,2.5906,13664.72,58770.227
002832.SZ,20190318,23.1634,24.3678,23.1634,24.2573,23.1576,1.0997000000000021,4.7488,12901.23,53401.261
002832.SZ,20190315,22.7096,23.466,22.5234,23.1576,22.7328,0.4247999999999976,1.8687,11206.68,44101.803
002832.SZ,20190314,22.5292,24.4376,22.4826,22.7328,22.4885,0.24430000000000263,1.0863,14736.8,58693.858
002832.SZ,20190313,22.8376,23.0703,22.4652,22.4885,22.7794,-0.2909000000000006,-1.277,15791.5,61968.295
002832.SZ,20190312,21.4179,22.9539,21.412,22.7794,21.3538,1.4255999999999993,6.6761,23344.59,90396.62
002832.SZ,20190311,21.2898,21.5284,21.0978,21.3538,21.4877,-0.13390000000000057,-0.6231,12216.09,44555.141
002832.SZ,20190308,21.4877,21.7204,20.0854,21.4877,21.703,-0.21529999999999916,-0.992,11778.3,43384.552
002832.SZ,20190307,21.7437,21.9357,21.2724,21.703,21.6855,0.017499999999998295,0.0807,13875.69,51450.07
002832.SZ,20190306,22.0928,22.1103,21.4702,21.6855,22.1103,-0.4247999999999976,-1.9213,10241.93,38079.328
002832.SZ,20190305,21.9532,22.1568,21.8193,22.1103,21.9648,0.1454999999999984,0.6624,8331.06,31500.405
002832.SZ,20190304,21.7204,22.0404,21.5168,21.9648,21.7204,0.24439999999999884,1.1252,11143.7,41777.765
002832.SZ,20190301,21.9357,21.9764,21.54,21.7204,21.8833,-0.16289999999999694,-0.7444,5739.34,21371.152
002832.SZ,20190228,21.7786,22.0986,21.4644,21.8833,21.7961,0.08719999999999928,0.4001,9535.4,35660.332
002832.SZ,20190227,21.1677,21.8135,21.1327,21.7961,21.2666,0.5294999999999987,2.4898,14713.85,54361.197
002832.SZ,20190226,21.4993,22.0404,21.2433,21.2666,21.6273,-0.36070000000000135,-1.6678,10118.43,37534.15
002832.SZ,20190225,21.0746,21.8193,20.9349,21.6273,21.0571,0.5702000000000034,2.7079,16253.87,59683.419
002832.SZ,20190222,21.0106,21.4004,20.772,21.0571,21.2491,-0.19200000000000017,-0.9036,13891.52,50059.13
002832.SZ,20190221,21.9822,22.0172,21.1037,21.2491,21.9822,-0.7331000000000003,-3.335,11207.52,41547.162
002832.SZ,20190220,21.8077,22.2674,21.5633,21.9822,21.9822,0.0,0.0,7667.11,28801.325
002832.SZ,20190219,22.7037,22.9598,21.5982,21.9822,21.4528,0.529399999999999,2.4677,22412.88,85398.855
002832.SZ,20190218,21.412,21.7902,20.772,21.4528,21.0047,0.44810000000000016,2.1333,11714.5,42635.909
002832.SZ,20190215,20.5218,21.0629,20.3996,21.0047,20.6324,0.3722999999999992,1.8044,5147.69,18362.601
002832.SZ,20190214,20.3705,20.772,20.26,20.6324,20.5276,0.10480000000000089,0.5105,5683.6,20018.356
002832.SZ,20190213,20.004,20.6556,19.841,20.5276,20.0272,0.5003999999999991,2.4986,7283.31,25525.12
002832.SZ,20190212,20.0098,20.132,19.6781,20.0272,20.0563,-0.02909999999999968,-0.1451,4394.98,15031.788
002832.SZ,20190211,19.6199,20.0971,19.4105,20.0563,19.6898,0.3664999999999985,1.8614,7632.13,26094.133
002832.SZ,20190201,18.9101,19.7887,18.9101,19.6898,19.5734,0.11640000000000228,0.5947,9260.19,30957.73
002832.SZ,20190131,19.5268,19.7363,19.2534,19.5734,19.4978,0.07559999999999789,0.3877,3168.46,10598.55
002832.SZ,20190130,19.4745,19.7363,19.2883,19.4978,19.5618,-0.06400000000000006,-0.3272,4950.6,16651.466
002832.SZ,20190129,19.6956,19.6956,19.0265,19.5618,19.5327,0.029100000000003234,0.149,4802.3,15999.245
002832.SZ,20190128,19.0032,20.0098,18.9159,19.5327,18.8577,0.6749999999999972,3.5794,8242.4,27609.871
002832.SZ,20190125,18.7588,19.0497,18.4213,18.8577,18.7937,0.06400000000000006,0.3405,7044.23,22860.908
002832.SZ,20190124,18.9043,18.9043,18.5784,18.7937,18.753,0.04070000000000107,0.217,3401.92,10964.56
002832.SZ,20190123,18.3341,18.8926,18.3224,18.753,18.3573,0.3957000000000015,2.1555,4100.35,13117.899
002832.SZ,20190122,18.2701,18.5435,17.9791,18.3573,18.2584,0.09889999999999688,0.5417,3482.29,10958.807
002832.SZ,20190121,17.7522,18.2991,17.7522,18.2584,17.9617,0.2967000000000013,1.6518,4771.06,14838.482
002832.SZ,20190118,17.9209,18.113,17.6067,17.9617,17.9035,0.05819999999999936,0.3251,10053.67,30690.474
002832.SZ,20190117,18.078,18.2119,17.8104,17.9035,18.0955,-0.19200000000000017,-1.061,4093.5,12714.045
002832.SZ,20190116,18.305,18.3399,18.078,18.0955,18.2817,-0.18619999999999948,-1.0185,4642.5,14506.788
002832.SZ,20190115,18.3224,18.5435,18.2002,18.2817,18.4446,-0.1629000000000005,-0.8832,5137.12,16201.864
002832.SZ,20190114,18.369,19.137,18.0373,18.4446,18.3166,0.1280000000000001,0.6988,10234.11,32506.77
002832.SZ,20190111,18.1246,18.3573,18.0373,18.3166,18.1246,0.19200000000000017,1.0593,5097.98,15938.803
002832.SZ,20190110,18.433,18.6832,18.1246,18.1246,18.689,-0.5643999999999991,-3.02,6591.84,20799.793
002832.SZ,20190109,18.0955,18.8868,17.8686,18.689,18.3166,0.37239999999999895,2.0331,9682.56,30471.254
002832.SZ,20190108,18.1246,18.3166,17.7347,18.3166,18.113,0.20360000000000156,1.1241,4572.1,14120.134
002832.SZ,20190107,18.1479,18.2875,17.9209,18.113,18.0897,0.023299999999998988,0.1288,5340.84,16642.074
002832.SZ,20190104,17.8628,18.1711,17.5602,18.0897,18.0489,0.040800000000000836,0.2261,5229.26,16033.185
002832.SZ,20190103,18.561,18.7763,17.95,18.0489,18.5726,-0.5237000000000016,-2.8197,6747.2,21222.813
002832.SZ,20190102,19.4337,19.4337,18.3922,18.5726,19.4337,-0.8611000000000004,-4.431,9083.81,29437.329
002832.SZ,20181228,19.201,19.4919,18.8694,19.4337,19.0555,0.3782000000000032,1.9847,5282.29,17399.514
002832.SZ,20181227,18.7355,19.4919,18.5842,19.0555,18.5319,0.5235999999999983,2.8254,6722.02,22083.126
002832.SZ,20181226,18.8926,19.0381,18.5086,18.5319,18.8926,-0.36070000000000135,-1.9092,3390.19,10948.447
002832.SZ,20181225,18.8519,19.0265,18.3806,18.8926,18.8344,0.058200000000002916,0.309,6025.7,19479.975
002832.SZ,20181224,18.7879,18.9217,18.1246,18.8344,18.5319,0.30249999999999844,1.6323,6350.69,20485.367
002832.SZ,20181221,18.4912,18.7355,18.2468,18.5319,18.5086,0.023299999999998988,0.1259,4313.5,13688.759
002832.SZ,20181220,17.9908,18.5435,17.118,18.5086,17.8046,0.7040000000000006,3.954,6198.3,19390.614
002832.SZ,20181219,18.2293,18.5552,17.63,17.8046,18.4155,-0.6109000000000009,-3.3173,5078.17,15877.335
002832.SZ,20181218,18.8519,19.0497,17.8977,18.4155,18.9857,-0.5701999999999998,-3.0033,7376.22,23248.295
002832.SZ,20181217,18.817,19.0846,18.7413,18.9857,18.9275,0.058200000000002916,0.3075,2917.43,9504.386
002832.SZ,20181214,19.137,19.4337,18.8577,18.9275,19.1661,-0.2386000000000017,-1.2449,3488.21,11482.289
002832.SZ,20181213,19.1603,19.3697,18.7937,19.1661,18.9857,0.18039999999999878,0.9502,5674.46,18527.327
002832.SZ,20181212,18.6657,19.1254,18.6657,18.9857,18.7646,0.22109999999999985,1.1783,3112.37,10109.277
002832.SZ,20181211,18.4039,18.8228,18.4039,18.7646,18.5319,0.23270000000000124,1.2557,3288.21,10545.674
002832.SZ,20181210,19.0672,19.0672,18.4446,18.5319,19.2359,-0.7040000000000006,-3.6598,4388.69,14111.667
002832.SZ,20181207,18.5901,19.3756,18.5901,19.2359,18.9392,0.2967000000000013,1.5666,5349.94,17540.874
002832.SZ,20181206,19.3348,19.3348,18.7937,18.9392,19.1428,-0.20360000000000156,-1.0636,3587.99,11741.19
002832.SZ,20181205,18.4853,19.5734,18.4853,19.1428,19.1603,-0.017499999999998295,-0.0913,5322.32,17500.468
002832.SZ,20181204,18.4504,19.2476,18.4446,19.1603,18.3981,0.7622,4.1428,7505.32,24529.224
002832.SZ,20181203,18.2991,18.9683,18.2875,18.3981,18.113,0.2850999999999999,1.574,5953.98,19044.592
002832.SZ,20181130,18.0548,18.2933,17.5777,18.113,18.0722,0.040800000000000836,0.2258,4064.35,12509.658
002832.SZ,20181129,19.0265,19.2534,18.0489,18.0722,18.8403,-0.7681000000000004,-4.0769,5393.6,17269.309
002832.SZ,20181128,18.2991,19.1777,17.8918,18.8403,18.0373,0.8030000000000008,4.4519,8228.92,26265.389
002832.SZ,20181127,17.5369,18.3108,17.4555,18.0373,17.4904,0.5468999999999973,3.1269,3368.27,10306.877
002832.SZ,20181126,18.4446,18.4446,17.0191,17.4904,18.4155,-0.9251000000000005,-5.0235,5682.64,17241.736
002832.SZ,20181123,19.0265,19.4279,18.3282,18.4155,18.7937,-0.37819999999999965,-2.0124,6153.47,20031.409
002832.SZ,20181122,18.561,19.1195,18.561,18.7937,18.4621,0.33160000000000167,1.7961,4303.13,14012.729
002832.SZ,20181121,18.6308,18.817,18.4097,18.4621,18.8228,-0.36070000000000135,-1.9163,3265.18,10457.701
002832.SZ,20181120,19.201,19.2534,18.6832,18.8228,19.3814,-0.5585999999999984,-2.8821,4037.9,13146.959
002832.SZ,20181119,19.1428,19.4628,18.689,19.3814,19.1486,0.232800000000001,1.2158,5067.98,16757.289
002832.SZ,20181116,19.3639,19.5268,19.0148,19.1486,19.4221,-0.2735000000000021,-1.4082,6801.26,22433.751
002832.SZ,20181115,18.9508,19.4978,18.6832,19.4221,18.8752,0.5469000000000008,2.8975,4117.97,13541.306
002832.SZ,20181114,18.8519,19.393,18.6308,18.8752,18.9101,-0.034900000000000375,-0.1846,4799.4,15639.758
002832.SZ,20181113,18.177,19.6665,18.1246,18.9101,18.5959,0.3141999999999996,1.6896,11479.64,37601.137
002832.SZ,20181112,18.0373,18.8461,17.8802,18.5959,18.0839,0.5120000000000005,2.8312,7576.0,24078.682
002832.SZ,20181109,18.2119,19.0846,17.9093,18.0839,18.369,-0.2850999999999999,-1.5521,6057.2,19063.865
002832.SZ,20181108,18.3922,18.8519,18.2875,18.369,18.177,0.19200000000000017,1.0563,4871.23,15538.013
002832.SZ,20181107,17.8918,18.5028,17.8918,18.177,18.1304,0.046599999999997976,0.257,4613.93,14484.995
002832.SZ,20181106,18.3631,18.3806,17.8046,18.1304,18.3864,-0.2559999999999967,-1.3923,4508.25,13986.147
002832.SZ,20181105,18.6075,19.073,18.2235,18.3864,18.6541,-0.2677000000000014,-1.4351,5723.34,18247.72
002832.SZ,20181102,17.6475,19.3174,17.6475,18.6541,17.5602,1.0939000000000014,6.2294,11704.45,37825.451
002832.SZ,20181101,16.7922,18.561,16.6583,17.5602,16.9085,0.6516999999999982,3.8543,14134.91,43346.184
002832.SZ,20181031,16.8329,17.1413,16.4256,16.9085,16.2394,0.6691000000000003,4.1202,9319.92,26875.472
002832.SZ,20181030,15.5819,16.7107,15.5819,16.2394,16.5536,-0.3141999999999996,-1.8981,4022.42,11261.627
002832.SZ,20181029,16.6641,17.8453,15.5935,16.5536,16.5711,-0.017500000000001847,-0.1056,9792.53,27696.881
002832.SZ,20181026,16.5245,17.0714,16.4663,16.5711,16.6932,-0.12209999999999965,-0.7314,4102.62,11752.463
002832.SZ,20181025,16.2452,16.8445,16.0648,16.6932,17.054,-0.36079999999999757,-2.1156,3022.34,8593.458
002832.SZ,20181024,16.3034,17.3798,16.3034,17.054,17.3333,-0.27930000000000277,-1.6113,3416.0,10007.195
002832.SZ,20181023,17.6533,17.8046,17.0947,17.3333,17.6533,-0.3200000000000003,-1.8127,6612.7,19742.221
002832.SZ,20181022,15.8379,17.6533,15.8379,17.6533,16.0474,1.6059000000000019,10.0072,10489.99,30790.041
002832.SZ,20181019,15.4015,16.2627,14.843,16.0474,15.4481,0.5992999999999995,3.8794,7976.69,20976.145
002832.SZ,20181018,15.3434,15.4946,14.9477,15.4481,15.5586,-0.11050000000000004,-0.7102,5109.71,13317.778
002832.SZ,20181017,16.0823,16.2743,15.227,15.5586,16.0823,-0.5236999999999998,-3.2564,9746.93,26007.827
002832.SZ,20181016,16.8445,16.8445,15.7972,16.0823,16.7107,-0.6283999999999992,-3.7605,6739.21,18682.012
002832.SZ,20181015,16.99,17.1471,16.4547,16.7107,16.9143,-0.20360000000000156,-1.2037,2983.09,8545.667
002832.SZ,20181012,16.8096,17.1471,16.3616,16.9143,16.8736,0.04070000000000107,0.2412,4048.75,11744.815
002832.SZ,20181011,17.3391,17.5486,16.6758,16.8736,17.6882,-0.8145999999999987,-4.6053,7500.36,21888.339
002832.SZ,20181010,17.4671,18.0606,17.2693,17.6882,17.9093,-0.2211000000000034,-1.2346,4248.25,12844.237
002832.SZ,20181009,18.1246,18.4853,17.6766,17.9093,18.2468,-0.3374999999999986,-1.8496,6865.99,21136.284
002832.SZ,20181008,18.9275,18.9275,17.8278,18.2468,19.201,-0.9542000000000002,-4.9695,4769.01,15000.495
002832.SZ,20180928,18.9799,19.2592,18.881,19.201,19.0497,0.1512999999999991,0.7942,3538.26,11604.424
002832.SZ,20180927,19.3756,19.3756,19.0381,19.0497,19.4919,-0.4421999999999997,-2.2686,1679.92,5533.813
002832.SZ,20180926,19.201,19.5036,19.0323,19.4919,19.393,0.09890000000000043,0.51,4052.15,13474.682
002832.SZ,20180925,19.1545,19.4512,18.9508,19.393,19.1661,0.22690000000000055,1.1839,2504.95,8280.398
002832.SZ,20180921,18.9217,19.201,18.7763,19.1661,19.0555,0.11060000000000159,0.5804,2790.3,9135.459
002832.SZ,20180920,19.0032,19.3872,18.9217,19.0555,19.1545,-0.0990000000000002,-0.5168,2516.2,8303.007
002832.SZ,20180919,18.3282,19.4745,18.0431,19.1545,18.241,0.9134999999999991,5.0079,5777.1,18712.181
002832.SZ,20180918,18.0373,18.3166,17.9326,18.241,18.1246,0.11639999999999873,0.6422,1954.2,6100.855
002832.SZ,20180917,18.0257,18.3631,17.8628,18.1246,18.0722,0.05240000000000222,0.2899,2066.6,6421.35
002832.SZ,20180914,18.1304,18.1304,17.9326,18.0722,18.0722,0.0,0.0,2916.78,9039.683
002832.SZ,20180913,18.1537,18.2817,17.694,18.0722,18.1537,-0.0815000000000019,-0.4489,3039.83,9383.198
002832.SZ,20180912,18.3224,18.3806,17.9093,18.1537,18.2759,-0.12219999999999942,-0.6686,3908.62,12200.999
002832.SZ,20180911,18.2119,18.2759,17.822,18.2759,18.1595,0.11639999999999873,0.641,3292.4,10259.945
002832.SZ,20180910,18.7937,18.8984,17.8628,18.1595,18.753,-0.5934999999999988,-3.1648,5361.42,16831.674
002832.SZ,20180907,18.7763,19.1137,18.6308,18.753,18.7937,-0.04070000000000107,-0.2166,3043.46,9883.939
002832.SZ,20180906,19.0672,19.3756,18.6308,18.7937,19.0788,-0.2850999999999999,-1.4943,5781.93,18774.504
002832.SZ,20180905,19.969,19.969,19.0265,19.0788,19.9225,-0.8436999999999983,-4.2349,11619.27,38879.795
002832.SZ,20180904,20.8535,20.8535,19.8061,19.9225,20.9466,-1.0241000000000007,-4.8891,13983.41,48236.419
002832.SZ,20180903,20.6556,21.5691,19.5792,20.9466,20.8302,0.11639999999999873,0.5588,10678.77,37236.967
002832.SZ,20180831,21.3248,21.3248,19.7887,20.8302,21.3015,-0.4712999999999994,-2.2125,5727.4,20440.526
002832.SZ,20180830,21.2258,22.1044,21.0629,21.3015,21.2258,0.07570000000000121,0.3566,5855.1,21611.159
002832.SZ,20180829,21.092,21.3946,20.9989,21.2258,21.412,-0.18619999999999948,-0.8696,1808.77,6596.311
002832.SZ,20180828,21.5109,21.7437,21.0746,21.412,21.5109,-0.09890000000000043,-0.4598,4731.1,17370.779
002832.SZ,20180827,21.4528,21.6448,21.2433,21.5109,21.4528,0.058099999999999596,0.2708,4936.72,18213.665
002832.SZ,20180824,21.4062,21.54,21.1677,21.4528,21.3189,0.13390000000000057,0.6281,4811.4,17671.575
002832.SZ,20180823,21.0687,21.412,21.0687,21.3189,21.3422,-0.023299999999998988,-0.1092,3267.26,11936.078
002832.SZ,20180822,21.7495,21.7495,21.0629,21.3422,21.3597,-0.017500000000001847,-0.0819,2953.17,10795.908
002832.SZ,20180821,21.22,21.4993,20.9756,21.3597,21.3073,0.05239999999999867,0.2459,5752.12,21044.353
002832.SZ,20180820,21.5284,21.9357,20.7429,21.3073,21.6797,-0.37239999999999895,-1.7177,9966.35,36071.416
002832.SZ,20180817,21.9648,22.3895,21.4586,21.6797,21.6331,0.04660000000000153,0.2154,8345.39,31407.547
002832.SZ,20180816,20.4985,23.1692,20.4869,21.6331,21.0629,0.5701999999999998,2.7071,7726.1,28887.618
002832.SZ,20180815,21.4004,21.4004,20.772,21.0629,21.2375,-0.17460000000000164,-0.8221,3942.13,14260.216
002832.SZ,20180814,20.8884,21.5109,20.7371,21.2375,20.9466,0.2909000000000006,1.3888,7140.53,26054.695
002832.SZ,20180813,20.5684,20.964,19.7887,20.9466,20.5451,0.40149999999999864,1.9542,7630.32,27029.856
002832.SZ,20180810,20.8418,21.0222,20.3822,20.5451,20.7545,-0.2093999999999987,-1.0089,5658.25,20013.013
002832.SZ,20180809,20.6556,21.1095,20.3705,20.7545,20.8011,-0.04660000000000153,-0.224,7283.53,26002.912
002832.SZ,20180808,21.8193,21.8426,20.3007,20.8011,21.8659,-1.0647999999999982,-4.8697,11812.25,42539.683
002832.SZ,20180807,22.0462,22.3546,21.2666,21.8659,22.0521,-0.18619999999999948,-0.8444,5617.45,20943.255
002832.SZ,20180806,22.1626,22.5292,21.4237,22.0521,22.3314,-0.2792999999999992,-1.2507,5932.92,22528.869
002832.SZ,20180803,22.5641,22.5932,22.0521,22.3314,22.6921,-0.36070000000000135,-1.5895,4934.34,18931.87
002832.SZ,20180802,22.6921,23.5009,21.1618,22.6921,23.0412,-0.34909999999999997,-1.5151,10826.6,41216.667
002832.SZ,20180801,23.2623,23.5591,22.5001,23.0412,23.2623,-0.22109999999999985,-0.9505,12869.0,51106.734
002832.SZ,20180731,22.8667,23.8558,22.8085,23.2623,22.6921,0.5701999999999998,2.5128,13281.38,53299.837
002832.SZ,20180730,22.6863,22.983,22.1161,22.6921,22.7503,-0.05819999999999936,-0.2558,6097.5,23614.568
002832.SZ,20180727,22.7503,22.7794,22.2441,22.7503,22.7503,0.0,0.0,3383.78,13146.33
002832.SZ,20180726,22.8085,22.9307,22.1393,22.7503,22.9248,-0.17450000000000188,-0.7612,5388.86,20864.378
002832.SZ,20180725,22.9132,23.1459,22.6281,22.9248,22.9248,0.0,0.0,4296.9,16891.799
002832.SZ,20180724,22.6572,23.175,22.4186,22.9248,22.6572,0.2676000000000016,1.1811,7624.26,29846.874
002832.SZ,20180723,22.6048,22.7736,22.1452,22.6572,22.6514,0.0058000000000006935,0.0256,5918.7,22929.875
002832.SZ,20180720,21.5459,22.7503,21.5459,22.6514,21.6739,0.9774999999999991,4.51,9422.13,36069.854
002832.SZ,20180719,21.4469,21.6855,21.1793,21.6739,21.4469,0.2270000000000003,1.0584,9644.56,35667.317
002832.SZ,20180718,21.6157,21.6157,21.1502,21.4469,21.4469,0.0,0.0,7528.07,27766.185
002832.SZ,20180717,21.3538,21.6157,21.1909,21.4469,21.5226,-0.07570000000000121,-0.3517,4208.8,15527.197
002832.SZ,20180716,21.3888,21.6273,21.1502,21.5226,21.412,0.11060000000000159,0.5165,12071.39,44544.48
002832.SZ,20180713,21.5284,21.6331,21.1211,21.412,21.4295,-0.017500000000001847,-0.0817,5813.7,21357.612
002832.SZ,20180712,20.7604,21.6448,20.6091,21.4295,20.8476,0.581900000000001,2.7912,13486.51,49555.671
002832.SZ,20180711,20.6905,21.0047,19.7189,20.8476,20.9291,-0.08149999999999835,-0.3894,6966.34,24394.652
002832.SZ,20180710,20.5393,20.9466,20.3182,20.9291,20.5276,0.40149999999999864,1.9559,5917.9,21081.096
002832.SZ,20180709,19.9516,20.5684,19.9516,20.5276,20.068,0.45959999999999823,2.2902,5902.98,20669.354
002832.SZ,20180706,20.6556,20.9466,19.9807,20.068,20.9407,-0.8726999999999983,-4.1675,5072.83,17890.835
002832.SZ,20180705,21.8717,21.8717,20.5974,20.9407,21.2258,-0.2850999999999999,-1.3432,3347.36,12048.956
002832.SZ,20180704,21.2375,21.3946,20.6556,21.2258,21.2375,-0.011700000000001154,-0.0551,5811.05,21162.536
002832.SZ,20180703,21.0746,21.2491,19.7829,21.2375,21.1444,0.09309999999999974,0.4403,13597.03,47994.106
002832.SZ,20180702,21.5633,21.7553,20.7836,21.1444,21.5284,-0.38400000000000034,-1.7837,11295.57,41588.502
002832.SZ,20180629,21.54,21.6971,21.22,21.5284,21.5109,0.017500000000001847,0.0814,15056.32,55808.829
002832.SZ,20180628,21.2142,21.895,21.0164,21.5109,21.5866,-0.07570000000000121,-0.3507,7005.06,25980.681
002832.SZ,20180627,22.0404,22.3663,21.54,21.5866,21.9357,-0.34909999999999997,-1.5915,6833.53,25617.493
002832.SZ,20180626,21.8193,22.0986,21.5633,21.9357,21.8077,0.1280000000000001,0.5869,12701.53,47669.104
002832.SZ,20180625,21.8833,22.983,21.5982,21.8077,21.8135,-0.0058000000000006935,-0.0266,12884.5,49107.489
002832.SZ,20180622,21.5284,21.831,21.0571,21.8135,21.7553,0.058200000000002916,0.2675,7568.74,28274.211
002832.SZ,20180621,21.3015,22.1684,21.0397,21.7553,21.8135,-0.058200000000002916,-0.2668,9539.47,35467.882
002832.SZ,20180620,21.6564,22.1103,20.7196,21.8135,22.1393,-0.3257999999999974,-1.4716,11062.03,41020.37
002832.SZ,20180619,21.2957,22.4885,21.2957,22.1393,22.0404,0.09889999999999688,0.4487,17354.6,65749.979
002832.SZ,20180615,21.8717,22.3314,21.0397,22.0404,21.6739,0.36650000000000205,1.691,15123.24,56247.625
002832.SZ,20180614,22.2383,22.8667,21.2957,21.6739,22.5583,-0.8843999999999994,-3.9205,13943.38,52717.433
002832.SZ,20180613,22.983,23.3787,22.1044,22.5583,23.0412,-0.4829000000000008,-2.0958,9600.73,37587.537
002832.SZ,20180612,23.8558,23.8558,22.727,23.0412,23.5765,-0.5352999999999994,-2.2705,13206.55,52326.222
002832.SZ,20180611,23.9023,24.1758,23.1343,23.5765,24.234,-0.6575000000000024,-2.7131,8863.03,35759.907
002832.SZ,20180608,24.3322,24.5786,23.988,24.231,24.2985,-0.067499999999999,-0.2778,4065.46,29183.535
002832.SZ,20180607,25.0949,25.7159,24.2985,24.2985,25.2974,-0.998899999999999,-3.9486,7128.32,52581.877
002832.SZ,20180606,24.4976,25.5067,24.4031,25.2974,24.4031,0.8943000000000012,3.6647,7372.35,54850.733
002832.SZ,20180605,23.961,24.8385,23.961,24.4031,24.1196,0.2835000000000001,1.1754,7801.65,56701.684
002832.SZ,20180604,23.3299,24.2985,22.9722,24.1196,23.4413,0.6783000000000001,2.8936,6917.15,48554.506
002832.SZ,20180601,24.501,24.5921,23.0161,23.4413,24.2985,-0.8572000000000024,-3.5278,11244.14,78949.194
002832.SZ,20180531,23.9104,24.4942,23.6573,24.2985,23.9273,0.37120000000000175,1.5514,9952.95,71415.954
002832.SZ,20180530,23.2995,24.6967,23.2995,23.9273,24.0724,-0.14509999999999934,-0.6028,12990.32,92711.982
002832.SZ,20180529,24.2985,24.4132,23.9711,24.0724,24.2985,-0.2261000000000024,-0.9305,8814.1,63441.979
002832.SZ,20180528,24.231,24.636,23.8091,24.2985,24.2816,0.016899999999999693,0.0696,6052.27,43639.918
002832.SZ,20180525,24.2985,24.5988,24.1972,24.2816,24.2985,-0.016899999999999693,-0.0696,4349.64,31374.636
002832.SZ,20180524,24.2377,24.636,24.2107,24.2985,24.2377,0.06080000000000041,0.2508,4382.32,31613.986
002832.SZ,20180523,24.5988,24.9296,24.1871,24.2377,24.3052,-0.067499999999999,-0.2777,8789.24,63782.909
002832.SZ,20180522,23.9711,24.771,23.9711,24.3052,24.3626,-0.05740000000000123,-0.2356,5309.77,38403.198
002832.SZ,20180521,24.8047,24.9532,24.1365,24.3626,24.6765,-0.3139000000000003,-1.2721,6368.67,46119.195
002832.SZ,20180518,24.7642,25.1152,23.9813,24.6765,24.8992,-0.22269999999999968,-0.8944,3779.08,27515.749
002832.SZ,20180517,25.0409,25.4797,24.366,24.8992,25.0409,-0.14170000000000016,-0.5659,7545.85,56005.786
002832.SZ,20180516,24.9026,25.8408,24.7541,25.0409,25.0747,-0.033799999999999386,-0.1348,6094.09,45639.012
002832.SZ,20180515,24.9734,25.564,24.2884,25.0747,24.8722,0.20250000000000057,0.8142,6424.5,47324.582
002832.SZ,20180514,23.9509,24.9734,23.718,24.8722,23.88,0.9922000000000004,4.1549,4349.19,31515.006
002832.SZ,20180511,24.339,24.366,23.6404,23.88,24.1567,-0.2767000000000017,-1.1454,5012.92,35537.694
002832.SZ,20180510,24.1129,24.6866,24.0015,24.1567,24.2479,-0.09120000000000061,-0.3761,3073.45,22152.995
002832.SZ,20180509,24.7035,24.9296,23.9003,24.2479,24.7473,-0.49939999999999785,-2.018,3816.12,27339.82
002832.SZ,20180508,24.4672,24.7946,23.8598,24.7473,24.5347,0.21259999999999835,0.8665,4405.25,31820.42
002832.SZ,20180507,23.691,25.0983,23.5493,24.5347,23.691,0.8437000000000019,3.5613,7386.74,53450.608
002832.SZ,20180504,22.4424,24.5955,22.3344,23.691,22.5436,1.1473999999999975,5.0897,7687.14,53142.477
002832.SZ,20180503,22.2804,22.6111,22.1656,22.5436,22.4086,0.13500000000000156,0.6024,5046.0,33587.177
002832.SZ,20180502,22.4424,22.9486,22.1217,22.4086,22.3479,0.06070000000000064,0.2716,6453.75,43022.681
002832.SZ,20180427,22.6887,22.7798,22.0138,22.3479,22.2567,0.09120000000000061,0.4098,4522.1,30088.64
002832.SZ,20180426,21.8045,22.7798,21.6189,22.2567,21.9361,0.3205999999999989,1.4615,6693.0,44143.074
002832.SZ,20180425,21.2578,22.2399,21.2578,21.9361,21.3995,0.5366,2.5075,4908.67,31889.086
002832.SZ,20180424,20.6976,21.6695,20.6368,21.3995,21.2646,0.13489999999999824,0.6344,5781.76,36556.704
002832.SZ,20180423,21.2612,22.2736,20.8427,21.2646,20.2487,1.015900000000002,5.0171,8128.61,51778.469
002832.SZ,20180420,20.1644,20.836,20.0935,20.2487,20.1644,0.08429999999999893,0.4181,3784.49,22888.282
002832.SZ,20180419,20.2589,21.1903,20.1644,20.1644,20.4175,-0.2530999999999999,-1.2396,6834.76,41383.012
002832.SZ,20180418,21.386,21.3962,20.0733,20.4175,21.2578,-0.8402999999999992,-3.9529,9563.63,58078.934
002832.SZ,20180417,21.3894,21.7674,20.7752,21.2578,21.3894,-0.13159999999999883,-0.6153,2853.36,17882.019
002832.SZ,20180416,20.9237,21.8956,20.9237,21.3894,20.9574,0.4319999999999986,2.0613,4855.46,30846.049
002832.SZ,20180413,19.9383,21.2544,19.9146,20.9574,20.1576,0.7998000000000012,3.9677,5587.23,34476.983
002832.SZ,20180412,19.5738,20.2116,19.405,20.1576,19.5738,0.5838000000000001,2.9826,2943.0,17441.903
002832.SZ,20180411,19.54,20.2487,19.2329,19.5738,19.2329,0.34089999999999776,1.7725,11704.59,68199.44
002832.SZ,20180410,19.5299,19.9113,19.1958,19.2329,19.567,-0.3340999999999994,-1.7075,9531.12,54680.717
002832.SZ,20180409,18.8752,19.567,18.7301,19.567,18.8752,0.6918000000000006,3.6651,4017.22,22758.084
002832.SZ,20180404,19.0642,19.4219,18.8516,18.8752,19.0642,-0.18900000000000006,-0.9914,10759.0,60631.799
002832.SZ,20180403,18.6963,19.4894,18.6828,19.0642,18.8145,0.2497000000000007,1.3272,6042.21,34071.061
002832.SZ,20180402,18.9562,19.1013,18.7976,18.8145,18.9224,-0.10790000000000077,-0.5702,4074.0,22849.41
002832.SZ,20180330,19.1958,19.4725,18.8921,18.9224,19.2363,-0.3139000000000003,-1.6318,4227.0,24049.076
002832.SZ,20180329,19.4995,19.9923,18.8819,19.2363,19.4995,-0.2632000000000012,-1.3498,6445.71,36802.431
002832.SZ,20180328,19.5063,19.8876,19.3207,19.4995,19.4995,0.0,0.0,2446.0,14249.445
002832.SZ,20180327,19.5738,19.8438,19.0912,19.4995,19.0406,0.45889999999999986,2.4101,2295.0,13297.519
002832.SZ,20180326,18.3082,19.3747,17.8898,19.0406,18.3555,0.685100000000002,3.7324,2239.23,12415.352
002832.SZ,20180323,18.315,18.8313,17.0866,18.3555,18.9866,-0.6311,-3.3239,2485.0,13539.501
002832.SZ,20180322,19.0743,19.3612,18.9832,18.9866,19.0777,-0.09110000000000085,-0.4775,1711.0,9719.711
002832.SZ,20180321,19.2262,19.2262,18.9899,19.0777,19.1958,-0.11809999999999832,-0.6152,1641.0,9294.599
002832.SZ,20180320,18.9427,19.2262,18.7301,19.1958,19.1452,0.05059999999999931,0.2643,2331.12,13159.792
002832.SZ,20180319,19.6986,19.6986,18.8988,19.1452,19.5738,-0.4285999999999994,-2.1897,3506.12,19905.104
002832.SZ,20180316,19.7999,19.7999,19.459,19.5738,19.5738,0.0,0.0,1927.0,11208.473
002832.SZ,20180315,20.0361,20.1812,19.4894,19.5738,20.1981,-0.6243000000000016,-3.0909,3740.0,21885.234
002832.SZ,20180314,20.7212,20.7212,20.1205,20.1981,20.728,-0.5299000000000014,-2.5564,2625.35,15838.825
002832.SZ,20180313,20.8022,21.2241,20.7111,20.728,20.9608,-0.23279999999999745,-1.1106,3125.0,19467.754
002832.SZ,20180312,21.5649,21.5987,20.8697,20.9608,21.1937,-0.23290000000000077,-1.0989,3221.0,20070.46
002832.SZ,20180309,22.2365,22.2365,21.0688,21.1937,21.0756,0.11809999999999832,0.5604,6601.87,42140.538
002832.SZ,20180308,18.9258,21.0756,18.9258,21.0756,19.1587,1.9169000000000018,10.0054,6570.11,38655.535
002832.SZ,20180307,19.3409,19.5502,19.0439,19.1587,19.1283,0.030400000000000205,0.1589,1566.12,8950.98
002832.SZ,20180306,19.0676,19.1351,18.9663,19.1283,19.0676,0.06070000000000064,0.3183,610.12,3447.183
002832.SZ,20180305,18.6558,19.378,18.6558,19.0676,19.2093,-0.14170000000000016,-0.7377,902.0,5109.619
002832.SZ,20180302,19.0338,19.405,19.0338,19.2093,19.2363,-0.027000000000001023,-0.1404,455.0,2603.525
002832.SZ,20180301,19.2093,19.4894,19.2026,19.2363,19.3713,-0.13500000000000156,-0.6969,802.06,4579.742
002832.SZ,20180228,19.4962,19.7088,19.3342,19.3713,19.6919,-0.3205999999999989,-1.6281,992.0,5737.415
002832.SZ,20180227,19.8269,19.8944,19.5367,19.6919,19.8944,-0.20250000000000057,-1.0179,781.0,4569.866
002832.SZ,20180226,19.7931,20.0395,19.5198,19.8944,19.8303,0.06409999999999982,0.3232,1601.0,9381.027
002832.SZ,20180223,19.5738,19.9248,19.4152,19.8303,19.6953,0.13500000000000156,0.6854,440.0,2574.268
002832.SZ,20180222,19.3375,20.2352,19.3375,19.6953,19.5333,0.16199999999999903,0.8294,564.0,3303.786
002832.SZ,20180214,19.2566,19.5333,18.9123,19.5333,19.2566,0.2767000000000017,1.4369,588.23,3376.706
002832.SZ,20180213,19.2667,19.3645,19.0709,19.2566,19.3645,-0.10790000000000077,-0.5572,878.0,5006.101
002832.SZ,20180212,18.8921,19.3645,18.5647,19.3645,18.747,0.6174999999999997,3.2939,823.0,4608.32
002832.SZ,20180209,18.9089,18.9089,18.5613,18.747,18.9056,-0.15859999999999985,-0.8389,1231.23,6845.46
002832.SZ,20180208,18.7571,19.2329,18.7571,18.9056,18.8954,0.010200000000001097,0.054,695.0,3929.482
002832.SZ,20180207,18.6052,19.2363,18.2407,18.8954,18.8921,0.0032999999999994145,0.0175,1412.0,7834.608
002832.SZ,20180206,18.4837,19.0676,18.4837,18.8921,18.9967,-0.10460000000000136,-0.5506,1729.0,9657.335
002832.SZ,20180205,18.9393,19.2161,18.2677,18.9967,19.0001,-0.0033999999999991815,-0.0179,801.0,4499.34
002832.SZ,20180202,18.2576,19.1992,18.2576,19.0001,19.0676,-0.067499999999999,-0.354,1343.87,7566.472
002832.SZ,20180201,18.2239,19.0979,17.8898,19.0676,19.2296,-0.1620000000000026,-0.8425,1915.62,10596.603
002832.SZ,20180131,19.2363,19.9788,18.1901,19.2296,19.1789,0.05070000000000263,0.2644,3275.39,18916.494
002832.SZ,20180130,18.9022,19.9113,18.8313,19.1789,19.9113,-0.7324000000000019,-3.6783,5832.81,33434.743
002832.SZ,20180129,19.7931,20.6706,19.4489,19.9113,19.8606,0.05069999999999908,0.2553,2021.23,12052.119
002832.SZ,20180126,19.9248,20.1374,19.8438,19.8606,20.08,-0.2193999999999967,-1.0926,588.46,3477.124
002832.SZ,20180125,19.9349,20.5761,19.9113,20.08,20.1914,-0.11140000000000327,-0.5517,1693.51,10155.616
002832.SZ,20180124,19.9113,20.4512,19.5738,20.1914,19.4894,0.7020000000000017,3.602,2370.37,14100.338
002832.SZ,20180123,19.2363,19.5063,19.2363,19.4894,19.3173,0.17210000000000036,0.8909,2005.37,11547.092
002832.SZ,20180122,19.2431,19.5738,19.0878,19.3173,19.405,-0.08770000000000167,-0.4519,1728.0,9896.239
002832.SZ,20180119,19.3072,19.6244,19.3004,19.405,19.5029,-0.09789999999999921,-0.502,360.0,2072.355
002832.SZ,20180118,19.6986,19.7796,19.3949,19.5029,19.5029,0.0,0.0,765.51,4431.8
002832.SZ,20180117,19.2633,19.54,18.9697,19.5029,19.3139,0.18900000000000006,0.9786,871.0,5001.698
002832.SZ,20180116,19.0541,19.405,19.0541,19.3139,19.2363,0.07760000000000034,0.4034,397.0,2270.676
002832.SZ,20180115,19.7054,19.7088,19.1688,19.2363,19.6075,-0.37120000000000175,-1.8932,1444.82,8241.785
002832.SZ,20180112,19.54,20.0024,19.3848,19.6075,19.6413,-0.033799999999999386,-0.1721,743.06,4346.339
002832.SZ,20180111,19.5232,19.8775,19.1688,19.6413,19.5232,0.11810000000000187,0.6049,589.38,3427.219
002832.SZ,20180110,20.2487,20.2487,19.3578,19.5232,20.1914,-0.6682000000000023,-3.3093,1031.0,6017.258
002832.SZ,20180109,19.9855,20.2319,19.7189,20.1914,20.1205,0.07090000000000174,0.3524,1005.15,5981.12
002832.SZ,20180108,20.1104,20.377,19.9113,20.1205,20.1104,0.01010000000000133,0.0502,730.23,4352.228
002832.SZ,20180105,19.9281,20.3095,19.8876,20.1104,20.1104,0.0,0.0,1167.0,6937.509
002832.SZ,20180104,20.2994,20.3601,20.1104,20.1104,20.3129,-0.20250000000000057,-0.9969,827.59,4954.22
002832.SZ,20180103,20.3432,20.4681,19.9788,20.3129,20.4512,-0.13830000000000098,-0.6762,1619.41,9677.223
002832.SZ,20180102,20.35,20.674,20.3095,20.4512,20.3129,0.13830000000000098,0.6808,1037.0,6288.088
002832.SZ,20171229,19.4354,20.4782,19.4354,20.3129,19.4354,0.8774999999999977,4.515,2199.96,13116.828
002832.SZ,20171228,19.1553,19.54,19.1553,19.4354,19.2869,0.14850000000000207,0.77,940.96,5408.182
002832.SZ,20171227,19.2363,19.513,19.0743,19.2869,19.594,-0.3071000000000019,-1.5673,823.0,4698.884
002832.SZ,20171226,20.134,20.134,19.1249,19.594,19.5502,0.04380000000000095,0.224,1188.0,6905.861
002832.SZ,20171225,19.2329,19.7661,19.1384,19.5502,19.1823,0.3678999999999988,1.9179,892.96,5169.853
002832.SZ,20171222,18.9359,19.3308,18.9022,19.1823,19.1216,0.06070000000000064,0.3174,823.23,4679.419
002832.SZ,20171221,19.0541,19.1216,18.8988,19.1216,18.9326,0.18900000000000006,0.9983,804.57,4536.351
002832.SZ,20171220,19.2262,19.4725,18.9326,18.9326,19.3983,-0.4656999999999982,-2.4007,754.23,4281.582
002832.SZ,20171219,19.2363,19.4017,19.0979,19.3983,19.2532,0.14509999999999934,0.7536,444.41,2540.38
002832.SZ,20171218,19.0676,19.2835,18.8415,19.2532,19.1519,0.10129999999999839,0.5289,1684.58,9568.409
002832.SZ,20171215,19.1047,19.432,18.9596,19.1519,19.4354,-0.2835000000000001,-1.4587,1069.0,6062.395
002832.SZ,20171214,19.5232,19.5232,18.9663,19.4354,19.4894,-0.053999999999998494,-0.2771,1753.07,9978.603
002832.SZ,20171213,19.6177,19.7695,19.2701,19.4894,19.7425,-0.2530999999999999,-1.282,1449.0,8378.836
002832.SZ,20171212,19.8033,19.8775,19.5772,19.7425,19.8438,-0.10130000000000194,-0.5105,1551.16,9053.919
002832.SZ,20171211,19.9113,20.0564,19.7459,19.8438,19.9079,-0.06409999999999982,-0.322,1147.16,6749.492
002832.SZ,20171208,19.6582,20.134,19.6582,19.9079,19.9146,-0.006699999999998596,-0.0336,1214.23,7178.78
002832.SZ,20171207,19.9484,20.1981,19.6008,19.9146,19.9146,0.0,0.0,2603.23,15349.609
002832.SZ,20171206,19.6818,20.08,19.5772,19.9146,19.6818,0.232800000000001,1.1828,924.0,5420.651
002832.SZ,20171205,19.5772,20.1779,19.54,19.6818,20.1475,-0.4657000000000018,-2.3115,1763.57,10330.403
002832.SZ,20171204,18.6558,20.9169,18.6558,20.1475,20.2487,-0.10119999999999862,-0.4998,3984.8,23579.945
002832.SZ,20171201,20.215,20.5862,19.918,20.2487,20.1475,0.10119999999999862,0.5023,4087.46,24548.62
002832.SZ,20171130,20.9237,21.0114,19.5772,20.1475,21.0688,-0.9212999999999987,-4.3728,4756.87,28536.922
002832.SZ,20171129,21.0857,21.3793,20.6942,21.0688,21.0891,-0.020299999999998875,-0.0963,2826.67,17676.001
002832.SZ,20171128,20.9237,21.1768,20.7415,21.0891,20.9237,0.16539999999999822,0.7905,2420.87,15033.843
002832.SZ,20171127,20.5862,21.0924,19.9113,20.9237,20.4276,0.49609999999999843,2.4286,4507.59,27621.136
002832.SZ,20171124,20.2319,20.4951,20.1644,20.4276,20.2454,0.1822000000000017,0.9,1872.2,11283.195
002832.SZ,20171123,20.6098,20.6098,20.08,20.2454,20.4681,-0.22269999999999968,-1.088,3917.59,23501.752
002832.SZ,20171122,20.5862,20.8832,20.1812,20.4681,20.3331,0.134999999999998,0.6639,3296.36,20086.619
002832.SZ,20171121,20.2487,20.6807,20.0969,20.3331,20.3466,-0.013499999999996959,-0.0664,2627.0,15877.004
002832.SZ,20171120,19.7594,20.3466,19.2397,20.3466,19.7493,0.597299999999997,3.0244,3301.0,19556.879
002832.SZ,20171117,20.836,20.8562,19.5063,19.7493,20.8562,-1.1068999999999996,-5.3073,5943.37,35192.859
002832.SZ,20171116,20.8562,21.1532,20.6875,20.8562,21.0249,-0.16869999999999763,-0.8024,2642.0,16436.928
002832.SZ,20171115,20.8798,21.3624,20.7853,21.0249,21.0249,0.0,0.0,3218.0,20010.434
002832.SZ,20171114,21.0148,21.5987,20.755,21.0249,20.9844,0.04049999999999798,0.193,5505.0,34546.759
002832.SZ,20171113,20.9237,21.4907,20.9237,20.9844,21.0418,-0.057399999999997675,-0.2728,4664.0,29330.352
002832.SZ,20171110,20.8292,21.4164,20.5356,21.0418,20.9136,0.12819999999999965,0.613,8491.86,52864.776
002832.SZ,20171109,19.8134,20.9507,19.7121,20.9136,19.8033,1.1102999999999987,5.6066,9679.0,58843.114
002832.SZ,20171108,19.4725,20.3432,19.4152,19.8033,19.5029,0.3003999999999998,1.5403,7284.68,43049.616
002832.SZ,20171107,19.945,19.945,19.3038,19.5029,19.891,-0.3880999999999979,-1.9511,4579.6,26390.089
002832.SZ,20171106,19.4962,19.8978,19.4152,19.891,19.4523,0.4386999999999972,2.2553,3538.27,20664.522
002832.SZ,20171103,19.594,19.8775,19.4219,19.4523,19.6447,-0.19239999999999924,-0.9794,3229.46,18721.421
002832.SZ,20171102,20.1812,20.1812,19.5873,19.6447,20.2082,-0.5635000000000012,-2.7885,6268.39,36760.234
002832.SZ,20171101,19.3544,20.4175,19.1384,20.2082,19.4455,0.7627000000000024,3.9222,7838.55,46485.374
002832.SZ,20171031,19.0507,19.6345,19.0507,19.4455,19.2093,0.2362000000000002,1.2296,3731.38,21394.137
002832.SZ,20171030,19.3443,19.6447,18.5951,19.2093,19.4388,-0.2295000000000016,-1.1806,5681.0,32127.308
002832.SZ,20171027,19.3747,19.9214,19.3409,19.4388,19.4455,-0.006699999999998596,-0.0345,4602.04,26728.344
002832.SZ,20171026,19.4422,20.0125,19.3038,19.4455,19.459,-0.013500000000000512,-0.0694,7699.01,44772.486
002832.SZ,20171025,18.3251,20.0395,18.2407,19.459,18.3859,1.0731000000000002,5.8365,9182.52,52535.042
002832.SZ,20171024,18.4264,18.4871,18.2407,18.3859,18.3892,-0.0032999999999994145,-0.0179,5096.0,27743.108
002832.SZ,20171023,17.883,18.4635,17.8088,18.3892,17.8695,0.5197000000000003,2.9083,7134.33,38586.273
002832.SZ,20171020,17.8121,17.8695,17.5692,17.8695,17.6232,0.24629999999999797,1.3976,2700.0,14204.64
002832.SZ,20171019,17.4072,17.7176,17.4072,17.6232,17.4477,0.17549999999999955,1.0059,2591.0,13509.765
002832.SZ,20171018,17.5827,17.9336,17.3802,17.4477,17.613,-0.16529999999999845,-0.9385,2120.81,11120.22
002832.SZ,20171017,17.5388,17.8155,17.4004,17.613,17.5388,0.07420000000000115,0.4231,2626.0,13712.209
002832.SZ,20171016,18.0686,18.1732,17.4747,17.5388,18.0686,-0.5298000000000016,-2.9322,3583.0,18807.167
002832.SZ,20171013,17.7143,18.072,17.6603,18.0686,17.7176,0.3509999999999991,1.9811,4351.96,23152.607
002832.SZ,20171012,17.8391,18.045,17.6097,17.7176,17.8054,-0.08779999999999788,-0.4931,1788.56,9445.554
002832.SZ,20171011,17.8054,17.9539,17.7244,17.8054,17.8088,-0.003400000000002734,-0.0191,2333.83,12324.16
002832.SZ,20171010,17.5422,17.9539,17.5084,17.8088,17.5219,0.2869000000000028,1.6374,2471.74,12975.573
002832.SZ,20171009,17.4443,17.6029,17.3565,17.5219,17.2654,0.25649999999999906,1.4856,1667.72,8656.318
002832.SZ,20170929,17.2486,17.3565,17.0764,17.2654,17.1136,0.15179999999999794,0.887,1480.72,7550.657
002832.SZ,20170928,17.4072,17.4915,17.1136,17.1136,17.3802,-0.26659999999999684,-1.5339,2102.0,10757.078
002832.SZ,20170927,17.1541,17.3903,17.0326,17.3802,17.2013,0.17889999999999873,1.04,1791.18,9135.886
002832.SZ,20170926,17.5287,17.5287,17.0326,17.2013,17.4915,-0.2901999999999987,-1.6591,2850.18,14625.138
002832.SZ,20170925,17.8189,17.8763,17.4915,17.4915,17.8189,-0.3274000000000008,-1.8374,2800.58,14633.21
002832.SZ,20170922,17.91,17.91,17.6164,17.8189,17.7581,0.06080000000000041,0.3424,2636.75,13871.945
002832.SZ,20170921,18.288,18.288,17.7176,17.7581,17.9843,-0.22620000000000218,-1.2578,3534.0,18822.225
002832.SZ,20170920,17.9404,18.0889,17.7176,17.9843,17.9404,0.043900000000000716,0.2447,3175.96,16821.323
002832.SZ,20170919,17.991,18.2239,17.8526,17.9404,17.991,-0.05059999999999931,-0.2813,3770.26,20114.295
002832.SZ,20170918,17.9573,18.342,17.8931,17.991,17.9539,0.0370999999999988,0.2066,4436.73,23779.211
002832.SZ,20170915,17.5489,18.0518,17.5152,17.9539,17.5152,0.43870000000000076,2.5047,6362.36,33628.352
002832.SZ,20170914,17.8661,17.8661,17.4814,17.5152,17.7953,-0.2801000000000009,-1.574,2794.45,14584.498
002832.SZ,20170913,17.2486,17.8189,17.2486,17.7953,17.4578,0.33750000000000213,1.9332,2764.0,14450.141
002832.SZ,20170912,17.6974,18.5546,17.3802,17.4578,17.6434,-0.18560000000000088,-1.052,4023.0,21216.136
002832.SZ,20170911,17.3802,17.6805,17.3734,17.6434,17.4342,0.20919999999999916,1.1999,2538.16,13220.081
002832.SZ,20170908,17.5962,17.5962,17.3498,17.4342,17.505,-0.07079999999999842,-0.4045,3322.23,17150.166
002832.SZ,20170907,17.5455,17.7176,17.4814,17.505,17.5185,-0.013500000000000512,-0.0771,2773.25,14459.103
002832.SZ,20170906,17.5287,17.5894,17.3127,17.5185,17.5489,-0.030400000000000205,-0.1732,2697.33,13935.389
002832.SZ,20170905,17.7075,17.829,17.4882,17.5489,17.7784,-0.2295000000000016,-1.2909,2733.23,14225.953
002832.SZ,20170904,17.6839,17.937,17.6637,17.7784,17.6603,0.11810000000000187,0.6687,2876.0,15168.545
002832.SZ,20170901,17.8763,17.8763,17.5827,17.6603,17.7446,-0.08429999999999893,-0.4751,3371.32,17687.193
002832.SZ,20170831,17.3228,17.8088,17.2384,17.7446,17.2958,0.44879999999999853,2.5948,4198.23,21895.263
002832.SZ,20170830,17.559,17.6974,17.2789,17.2958,17.532,-0.2362000000000002,-1.3473,3117.5,16069.496
002832.SZ,20170829,17.4139,17.9505,17.3802,17.532,17.3127,0.2193000000000005,1.2667,7522.87,39402.649
002832.SZ,20170828,17.1136,17.3802,17.0089,17.3127,16.9651,0.3475999999999999,2.0489,3977.79,20332.733
002832.SZ,20170825,16.8706,16.9853,16.7491,16.9651,16.7727,0.19239999999999924,1.1471,2094.92,10501.035
002832.SZ,20170824,16.7626,17.0089,16.6985,16.7727,16.8065,-0.033799999999999386,-0.2011,2199.0,10952.576
002832.SZ,20170823,17.1844,17.1844,16.7592,16.8065,17.1271,-0.3205999999999989,-1.8719,3049.59,15261.891
002832.SZ,20170822,17.2621,17.2621,17.0764,17.1271,17.2958,-0.16870000000000118,-0.9754,2003.69,10181.056
002832.SZ,20170821,17.2587,17.397,17.0764,17.2958,17.2587,0.0370999999999988,0.215,3175.6,16208.465
002832.SZ,20170818,17.0596,17.2688,17.0528,17.2587,17.2114,0.0472999999999999,0.2748,2629.0,13365.555
002832.SZ,20170817,17.1811,17.2857,17.0494,17.2114,17.2114,0.0,0.0,2491.32,12671.918
002832.SZ,20170816,17.0427,17.2384,16.9954,17.2114,17.0764,0.13500000000000156,0.7906,4296.88,21886.884
002832.SZ,20170815,17.1439,17.1439,16.9887,17.0764,17.0832,-0.006800000000001916,-0.0398,1613.0,8146.04
002832.SZ,20170814,16.8739,17.1979,16.8335,17.0832,16.7997,0.2835000000000001,1.6875,2628.57,13314.739
002832.SZ,20170811,16.7187,16.8166,16.6377,16.7997,16.8065,-0.006799999999998363,-0.0405,2291.42,11384.646
002832.SZ,20170810,16.8739,17.0359,16.7153,16.8065,16.9516,-0.14509999999999934,-0.856,1693.42,8464.722
002832.SZ,20170809,16.8335,17.0596,16.5365,16.9516,16.8335,0.11809999999999832,0.7016,2439.36,12224.81
002832.SZ,20170808,16.8739,16.9043,16.712,16.8335,16.8368,-0.0032999999999994145,-0.0196,1514.01,7561.051
002832.SZ,20170807,16.5702,17.0427,16.5702,16.8368,16.7558,0.08099999999999952,0.4834,1748.58,8737.185
002832.SZ,20170804,16.8335,16.9482,16.7086,16.7558,16.8335,-0.0777000000000001,-0.4616,1937.0,9631.784
002832.SZ,20170803,16.7086,17.0427,16.7052,16.8335,16.7018,0.13170000000000215,0.7885,1696.23,8493.908
002832.SZ,20170802,16.9516,16.9988,16.6951,16.7018,17.0157,-0.3139000000000003,-1.8448,2142.82,10695.717
002832.SZ,20170801,16.9752,17.0528,16.8739,17.0157,17.0326,-0.016899999999999693,-0.0992,2402.5,12061.013
002832.SZ,20170731,17.0427,17.1102,16.9077,17.0326,17.0089,0.023699999999998056,0.1393,1904.43,9585.535
002832.SZ,20170728,17.2114,17.2351,16.9482,17.0089,17.2114,-0.20250000000000057,-1.1765,2140.15,10820.714
002832.SZ,20170727,16.766,17.2789,16.604,17.2114,16.766,0.4454000000000029,2.6566,3947.23,19929.536
002832.SZ,20170726,17.0494,17.0494,16.6006,16.766,16.9414,-0.17540000000000333,-1.0353,1701.3,8452.082
002832.SZ,20170725,17.0084,17.0924,16.8504,16.9412,17.0084,-0.06720000000000326,-0.3951,1138.0,5741.675
002832.SZ,20170724,16.7395,17.0084,16.5748,17.0084,16.6958,0.3126000000000033,1.8723,2440.7,12195.578
002832.SZ,20170721,16.6387,16.7765,16.3193,16.6958,16.6992,-0.003400000000002734,-0.0204,1493.0,7379.375
002832.SZ,20170720,16.8739,17.2,16.6655,16.6992,16.8739,-0.17469999999999786,-1.0353,2063.8,10405.374
002832.SZ,20170719,16.7462,17.0353,16.6084,16.8739,16.7731,0.10079999999999956,0.601,1820.67,9093.11
002832.SZ,20170718,16.4034,17.0756,16.2689,16.7731,16.4571,0.31599999999999895,1.9201,2438.01,12080.509
002832.SZ,20170717,17.479,17.479,16.4571,16.4571,17.6975,-1.240400000000001,-7.0089,6321.78,31449.857
002832.SZ,20170714,18.4874,18.4874,17.6168,17.6975,18.0773,-0.37979999999999947,-2.101,2376.17,12661.659
002832.SZ,20170713,18.1613,18.316,17.9563,18.0773,18.2723,-0.19500000000000028,-1.0672,1926.49,10370.763
002832.SZ,20170712,17.842,18.3025,17.0756,18.2723,17.7815,0.4908000000000001,2.7602,3535.12,18679.74
002832.SZ,20170711,18.5143,18.5882,17.7479,17.7815,18.4202,-0.6387,-3.4674,4137.2,22317.533
002832.SZ,20170710,18.5412,19.1597,18.3798,18.4202,18.9176,-0.49739999999999895,-2.6293,5362.17,29682.52
002832.SZ,20170707,18.3496,19.0857,18.3496,18.9176,18.279,0.6386000000000003,3.4936,9536.75,53480.981
002832.SZ,20170706,18.4134,18.558,18.1546,18.279,18.4067,-0.1277000000000008,-0.6938,4049.01,22116.528
002832.SZ,20170705,18.3832,18.4874,18.2521,18.4067,18.3866,0.02009999999999934,0.1093,3551.22,19415.995
002832.SZ,20170704,18.521,18.7059,18.3092,18.3866,18.521,-0.1343999999999994,-0.7257,4650.46,25587.369
002832.SZ,20170703,18.5277,18.6319,18.3227,18.521,18.5109,0.01010000000000133,0.0546,4425.81,24341.377
002832.SZ,20170630,17.9496,18.5109,17.9496,18.5109,18.1613,0.3495999999999988,1.925,5191.88,28411.261
002832.SZ,20170629,17.9933,18.4538,17.9361,18.1613,18.2723,-0.11100000000000065,-0.6075,2985.01,16205.301
002832.SZ,20170628,18.279,19.1597,18.1513,18.2723,18.3193,-0.046999999999997044,-0.2566,5103.92,28059.124
002832.SZ,20170627,18.6252,18.6319,18.1176,18.3193,18.4168,-0.09750000000000014,-0.5294,4213.28,22938.522
002832.SZ,20170626,17.9966,18.9849,17.9966,18.4168,18.0504,0.3663999999999987,2.0299,6070.42,33328.605
002832.SZ,20170623,17.3109,18.0504,17.1429,18.0504,17.3714,0.6789999999999985,3.9087,5460.35,28624.683
002832.SZ,20170622,17.8118,17.8521,17.3445,17.3714,17.8286,-0.4572000000000003,-2.5644,3378.69,17744.832
002832.SZ,20170621,17.8286,17.9664,17.5798,17.8286,17.8252,0.003400000000002734,0.0191,4287.66,22678.063
002832.SZ,20170620,17.8622,17.9765,17.7815,17.8252,17.8319,-0.006700000000002149,-0.0376,3093.32,16449.737
002832.SZ,20170619,17.7748,17.9092,17.6807,17.8319,17.7782,0.053700000000002746,0.3021,2745.24,14552.659
002832.SZ,20170616,18.0773,18.0773,17.7681,17.7782,18.0504,-0.27220000000000155,-1.508,2944.0,15629.303
002832.SZ,20170615,17.8084,18.2454,17.7412,18.0504,17.8151,0.23529999999999873,1.3208,5573.34,29949.858
002832.SZ,20170614,17.5395,17.8454,17.5227,17.8151,17.5798,0.23530000000000229,1.3385,5270.69,27753.589
002832.SZ,20170613,16.9748,17.6706,16.9748,17.5798,16.9647,0.6150999999999982,3.6258,4618.49,23930.671
002832.SZ,20170612,17.5126,17.5126,16.8941,16.9647,17.5697,-0.6050000000000004,-3.4434,4611.61,23490.173
002832.SZ,20170609,17.4924,17.6303,17.2504,17.5697,17.4958,0.07390000000000185,0.4224,3566.08,18533.578
002832.SZ,20170608,17.8286,17.9798,17.4824,17.4958,17.8487,-0.35290000000000177,-1.9772,5507.78,29001.43
002832.SZ,20170607,17.2773,17.9529,17.2303,17.8487,17.2773,0.5714000000000006,3.3072,6954.92,36612.504
002832.SZ,20170606,17.2303,17.3277,17.0756,17.2773,17.2639,0.013400000000000745,0.0776,2814.32,14394.84
002832.SZ,20170605,17.2067,17.5496,17.2067,17.2639,17.1765,0.08739999999999881,0.5088,4589.2,23756.728
002832.SZ,20170602,16.7765,17.2706,16.558,17.1765,16.8101,0.3664000000000023,2.1796,6442.85,32480.65
002832.SZ,20170601,17.7479,17.7479,16.605,16.8101,17.8824,-1.072300000000002,-5.9964,9865.82,50350.42
002832.SZ,20170531,19.2403,19.4521,17.8521,17.8824,18.8303,-0.9479000000000006,-5.0339,9455.2,52872.651
002832.SZ,20170526,19.1261,19.2773,18.7563,18.8303,19.0824,-0.25209999999999866,-1.3211,7460.27,41931.832
002832.SZ,20170525,19.2941,19.3143,18.7261,19.0824,19.2101,-0.1277000000000008,-0.6648,3538.85,20029.259
002832.SZ,20170524,18.8235,19.3277,18.6555,19.2101,18.8773,0.3327999999999989,1.763,2825.69,16051.473
002832.SZ,20170523,19.1429,19.8151,18.6588,18.8773,19.2235,-0.3461999999999996,-1.8009,5256.29,29817.071
002832.SZ,20170522,19.7983,19.8924,18.8235,19.2235,19.7613,-0.5377999999999972,-2.7215,6988.83,40022.484
002832.SZ,20170519,20.6151,20.6151,19.4958,19.7613,20.6017,-0.8404000000000025,-4.0793,13238.66,78161.875
002832.SZ,20170518,20.5143,20.8168,20.3361,20.6017,20.6454,-0.04369999999999763,-0.2117,3096.3,18962.893
002832.SZ,20170517,21.1429,21.2706,20.5042,20.6454,21.0924,-0.44700000000000273,-2.1192,4870.0,30332.535
002832.SZ,20170516,20.4403,21.1092,20.1714,21.0924,20.4403,0.6521000000000008,3.1903,6747.76,41438.566
002832.SZ,20170515,21.0084,21.4252,20.2689,20.4403,21.4286,-0.9882999999999988,-4.6121,9117.46,56294.39
002832.SZ,20170512,21.7143,21.9328,21.3109,21.4286,21.7143,-0.28570000000000206,-1.3157,5393.0,34667.896
002832.SZ,20170511,21.0084,21.7143,20.5714,21.7143,21.358,0.35630000000000095,1.6682,7854.69,49643.769
002832.SZ,20170510,21.9664,21.9664,21.0084,21.358,21.7647,-0.4067000000000007,-1.8686,7125.46,45725.699
002832.SZ,20170509,21.1429,21.8555,21.042,21.7647,21.1798,0.5849000000000011,2.7616,6545.27,41807.897
002832.SZ,20170508,20.8034,21.284,20.8034,21.1798,21.1429,0.03689999999999927,0.1745,4706.0,29537.514
002832.SZ,20170505,21.1227,21.3176,20.8874,21.1429,21.1227,0.02020000000000266,0.0956,4193.51,26321.856
002832.SZ,20170504,21.4118,21.6571,21.0555,21.1227,21.4286,-0.30590000000000117,-1.4275,4663.2,29602.961
002832.SZ,20170503,21.3513,21.6605,21.1361,21.4286,21.3882,0.040399999999998215,0.1889,5065.82,32255.481
002832.SZ,20170502,21.7345,22.1513,21.2706,21.3882,21.842,-0.45379999999999754,-2.0776,8017.3,51746.864
002832.SZ,20170428,21.3445,21.8487,20.9782,21.842,21.2471,0.5948999999999991,2.7999,9903.26,63619.249
002832.SZ,20170427,20.6958,21.5429,20.4706,21.2471,20.8,0.44709999999999894,2.1495,8871.01,55568.955
002832.SZ,20170426,19.8353,20.9412,19.6303,20.8,20.0874,0.7126000000000019,3.5475,11104.14,67135.626
002832.SZ,20170425,19.7479,20.2353,19.7345,20.0874,19.7412,0.3461999999999996,1.7537,7427.59,44320.782
002832.SZ,20170424,19.3277,20.0672,18.9916,19.7412,19.2975,0.44369999999999976,2.2993,6868.12,39601.764
002832.SZ,20170421,19.1597,19.4689,19.1597,19.2975,19.1294,0.16809999999999903,0.8788,4163.06,23936.859
002832.SZ,20170420,19.2908,19.5966,18.8571,19.1294,19.3277,-0.1982999999999997,-1.026,9385.46,53580.192
002832.SZ,20170419,18.9042,19.479,18.4874,19.3277,18.8538,0.47390000000000043,2.5136,9240.17,52277.183
002832.SZ,20170418,20.2118,20.6723,18.8269,18.8538,20.5378,-1.684000000000001,-8.1995,10543.09,62978.222
002832.SZ,20170417,20.5546,21.3882,19.5227,20.5378,21.5193,-0.9815000000000005,-4.561,19724.07,120195.141
002832.SZ,20170414,21.9866,22.2387,21.5126,21.5193,22.1513,-0.6319999999999979,-2.8531,15604.85,101398.512
002832.SZ,20170413,21.6807,22.4067,21.6067,22.1513,21.7849,0.3663999999999987,1.6819,18910.16,124809.708
002832.SZ,20170412,21.6975,22.1143,21.079,21.7849,21.7647,0.020199999999999108,0.0928,18792.82,121154.518
002832.SZ,20170411,21.321,22.0773,21.0084,21.7647,21.5798,0.1849000000000025,0.8568,24119.27,155655.827
002832.SZ,20170410,21.4689,21.6807,20.1681,21.5798,21.5261,0.05369999999999919,0.2495,27613.19,172369.845
002832.SZ,20170407,21.2403,22.1849,21.116,21.5261,21.3109,0.2151999999999994,1.0098,23283.82,149859.735
002832.SZ,20170406,20.5412,21.6739,20.3664,21.3109,20.5613,0.7496000000000009,3.6457,21802.92,137189.596
002832.SZ,20170405,20.7193,20.8034,19.4958,20.5613,20.7866,-0.22530000000000072,-1.0839,21379.26,129439.582
002832.SZ,20170331,20.4874,20.9513,20.4101,20.7866,20.4706,0.31599999999999895,1.5437,18066.0,111263.424
002832.SZ,20170330,21.0353,21.042,20.2723,20.4706,21.1429,-0.6722999999999999,-3.1798,23712.67,146172.276
002832.SZ,20170329,21.2437,21.7479,20.8437,21.1429,21.4084,-0.2654999999999994,-1.2402,32002.98,202450.81
002832.SZ,20170328,21.6975,21.9563,21.2134,21.4084,21.9193,-0.5108999999999995,-2.3308,34548.93,221280.424
002832.SZ,20170327,22.0471,22.7563,21.7479,21.9193,22.1849,-0.26559999999999917,-1.1972,50872.29,336310.808
002832.SZ,20170324,21.5025,22.4067,21.1798,22.1849,21.5462,0.6387,2.9643,52641.74,345106.423
002832.SZ,20170323,21.479,21.9496,20.6723,21.5462,21.6975,-0.15130000000000265,-0.6973,55861.15,356689.913
002832.SZ,20170322,20.6454,21.9697,20.5042,21.6975,20.8908,0.8067000000000029,3.8615,64249.75,406213.0
002832.SZ,20170321,20.1176,21.1664,19.9361,20.8908,20.1513,0.7394999999999996,3.6697,58828.05,361213.897
002832.SZ,20170320,19.4555,20.2084,19.2739,20.1513,19.4824,0.6689000000000007,3.4334,35529.25,208989.67
002832.SZ,20170317,20.4235,20.4739,19.4286,19.4824,20.4034,-0.9210000000000029,-4.514,48230.92,287140.046
002832.SZ,20170316,19.8689,20.6588,19.8622,20.4034,19.8555,0.547900000000002,2.7594,58212.68,351835.158
002832.SZ,20170315,19.4319,19.9261,19.1664,19.8555,19.6303,0.22520000000000095,1.1472,38871.92,226262.201
002832.SZ,20170314,19.6269,20.2353,19.5496,19.6303,19.6034,0.026899999999997704,0.1372,54527.9,322217.466
002832.SZ,20170313,18.958,19.6739,18.8571,19.6034,19.1429,0.4604999999999997,2.4056,40756.19,234263.462
002832.SZ,20170310,19.0588,19.3244,18.995,19.1429,19.0588,0.0840999999999994,0.4413,26810.39,152809.069
002832.SZ,20170309,19.2134,19.2605,18.8235,19.0588,19.3445,-0.2856999999999985,-1.4769,30300.02,171409.583
002832.SZ,20170308,19.6336,19.7748,19.1025,19.3445,19.6908,-0.3462999999999994,-1.7587,36004.22,207447.367
002832.SZ,20170307,19.3748,19.7748,19.1765,19.6908,19.3681,0.3227000000000011,1.6661,41273.63,239962.394
002832.SZ,20170306,19.0084,19.4958,18.995,19.3681,19.0084,0.3596999999999966,1.8923,30489.49,174682.858
002832.SZ,20170303,19.2975,19.5966,18.7597,19.0084,19.479,-0.47059999999999746,-2.4159,38369.16,218510.95
002832.SZ,20170302,19.2235,19.7916,19.0622,19.479,19.3345,0.14450000000000074,0.7474,53203.87,308074.632
002832.SZ,20170301,19.3042,19.4756,18.8975,19.3345,19.3412,-0.006700000000002149,-0.0346,52218.47,298592.335
002832.SZ,20170228,18.5546,19.3613,18.3563,19.3412,18.6353,0.7058999999999997,3.788,60152.08,339308.059
002832.SZ,20170227,18.2487,19.2,18.1983,18.6353,18.4034,0.23189999999999955,1.2601,55866.24,311820.686
002832.SZ,20170224,18.1782,19.0924,18.1782,18.4034,18.1613,0.24210000000000065,1.3331,70118.37,388046.148
002832.SZ,20170223,17.3647,18.2084,17.3445,18.1613,17.442,0.7193000000000005,4.124,45388.01,241711.986
002832.SZ,20170222,17.479,17.6303,17.2034,17.442,17.479,-0.036999999999999034,-0.2117,22908.3,118823.844
002832.SZ,20170221,17.3748,17.5966,17.1765,17.479,17.4218,0.05719999999999814,0.3283,25252.67,131117.791
002832.SZ,20170220,18.1109,18.2555,16.7933,17.4218,18.1445,-0.7226999999999997,-3.983,44024.53,227200.521
002832.SZ,20170217,18.1983,18.7496,18.0571,18.1445,18.3261,-0.18159999999999954,-0.9909,44365.92,242570.319
002832.SZ,20170216,17.7143,18.4807,17.3815,18.3261,17.8319,0.4941999999999993,2.7714,47088.45,251751.975
002832.SZ,20170215,17.8992,18.5882,17.7815,17.8319,17.9261,-0.09420000000000073,-0.5255,44933.11,243250.239
002832.SZ,20170214,17.6471,18.0605,17.5899,17.9261,17.7244,0.20170000000000243,1.138,25071.84,133514.104
002832.SZ,20170213,17.2706,17.8924,17.1866,17.7244,17.3479,0.37650000000000006,2.1703,22424.88,117556.072
002832.SZ,20170210,17.9227,18.0235,17.3109,17.3479,18.0202,-0.6722999999999999,-3.7308,27804.07,145584.999
002832.SZ,20170209,18.0773,18.3429,18.0168,18.0202,18.1244,-0.10420000000000229,-0.5749,23345.29,126080.987
002832.SZ,20170208,17.9832,18.279,17.6874,18.1244,18.0336,0.09080000000000155,0.5035,22508.47,120648.456
002832.SZ,20170207,18.1613,18.316,17.8588,18.0336,18.3529,-0.3193000000000019,-1.7398,26204.7,140810.141
002832.SZ,20170206,17.5462,18.4403,17.5462,18.3529,17.5227,0.8302000000000014,4.7379,32494.49,174696.174
002832.SZ,20170203,17.4286,17.7479,17.1933,17.5227,17.4319,0.09080000000000155,0.5209,17203.89,89336.023
002832.SZ,20170126,17.6235,17.6235,17.2504,17.4319,17.4353,-0.003400000000002734,-0.0195,16600.54,86028.096
002832.SZ,20170125,16.9076,17.563,16.8101,17.4353,16.9748,0.46050000000000324,2.7128,24391.76,126020.279
002832.SZ,20170124,17.2437,17.4689,16.9513,16.9748,17.3042,-0.32940000000000325,-1.9036,18179.92,92979.871
002832.SZ,20170123,16.9681,17.6403,16.8672,17.3042,17.0084,0.29579999999999984,1.7391,30765.5,158668.853
002832.SZ,20170120,16.4269,17.2874,16.3227,17.0084,16.5714,0.43700000000000117,2.6371,27328.96,138419.432
002832.SZ,20170119,16.6655,17.2739,16.3227,16.5714,16.9244,-0.352999999999998,-2.0857,24656.6,122803.869
002832.SZ,20170118,17.7143,17.7143,16.8908,16.9244,17.9462,-1.0218000000000025,-5.6937,30835.77,158751.336
002832.SZ,20170117,17.1429,18.4403,16.8739,17.9462,17.4185,0.5276999999999994,3.0295,46842.51,246231.523
002832.SZ,20170116,17.4689,17.6739,15.6706,17.4185,17.4118,0.006700000000002149,0.0385,43535.55,221208.211
002832.SZ,20170113,18.3126,18.4437,16.5176,17.4118,18.3529,-0.9411000000000023,-5.1278,48826.0,253301.331
002832.SZ,20170112,18.4471,19.0924,18.1782,18.3529,18.6286,-0.27569999999999695,-1.48,38187.62,211497.582
002832.SZ,20170111,19.1933,19.4521,18.5412,18.6286,19.2471,-0.6185000000000009,-3.2135,40107.95,224984.973
002832.SZ,20170110,18.3731,20.1277,18.2857,19.2471,18.4471,0.8000000000000007,4.3367,75300.43,432760.49
002832.SZ,20170109,17.9328,18.9412,17.8151,18.4471,18.084,0.3630999999999993,2.0079,54235.31,297876.122
002832.SZ,20170106,19.1731,19.1933,18.0269,18.084,19.3815,-1.2974999999999994,-6.6945,66422.2,367178.182
002832.SZ,20170105,20.242,20.363,19.321,19.3815,20.4403,-1.0588000000000015,-5.18,86055.6,506472.187
002832.SZ,20170104,20.5076,21.2639,20.205,20.4403,21.6202,-1.1799,-5.4574,107523.88,662504.493
002832.SZ,20170103,20.195,22.4202,20.1681,21.6202,20.4034,1.2167999999999992,5.9637,149807.05,945628.237
002832.SZ,20161230,20.4034,20.4034,19.6067,20.4034,18.5479,1.8555000000000028,10.0038,71596.17,431864.371
002832.SZ,20161229,18.5479,18.5479,18.5479,18.5479,16.8605,1.6874000000000002,10.008,395.71,2183.527
002832.SZ,20161228,16.8605,16.8605,16.8605,16.8605,15.3277,1.5327999999999982,10.0002,179.88,902.278
002832.SZ,20161227,15.3277,15.3277,15.3277,15.3277,13.9328,1.3948999999999998,10.0116,45.33,206.704
002832.SZ,20161226,13.9328,13.9328,13.9328,13.9328,12.6655,1.2673000000000005,10.0059,152.93,633.894
002832.SZ,20161223,11.6101,12.6655,11.6101,12.6655,8.7966,3.8689,43.9818,181.08,680.739
